id,k,alpha,time,acc,score
1,100,10,0.1065390552,0.46,0.092
2,80,8,0.1110592870333333,0.49,0.098
3,80,12,0.11598653716666671,0.52,0.10400000000000001
4,120,8,0.002508113816666698,0.5,0.1
5,120,12,0.003309920483333369,0.49,0.098
6,60,10,0.00021990593333332716,0.47,0.094
7,60,14,0.11196055358333339,0.47,0.094
8,100,14,0.003724752749999993,0.46,0.092
