id,k,alpha,time,acc,score
1,200,60,0.17095835906666668,0.59,0.118
2,180,58,0.16949620698333334,0.58,0.11599999999999999
3,180,62,0.17073157803333328,0.57,0.11399999999999999
4,220,58,0.0008382974499999326,0.58,0.11599999999999999
5,220,62,0.0008922969000000336,0.59,0.118
