id,k,alpha,time,acc,score
1,1000,50,0.1545337584333333,0.49,0.098
2,980,48,0.1518337725,0.51,0.10200000000000001
3,980,52,0.16011366886666673,0.59,0.118
4,1020,48,0.0011099718000000536,0.5,0.1
5,1020,52,0.0011529317666666354,0.56,0.11200000000000002
6,960,50,0.0011093227666666649,0.48,0.096
7,960,54,0.1686022394166667,0.52,0.10400000000000001
8,1000,54,0.0011934981833333562,0.51,0.10200000000000001
