id,k,alpha,time,acc,score
1,500,40,0.15095554633333333,0.41,0.08199999999999999
2,480,38,0.14428823389999998,0.46,0.092
3,480,42,0.15022329643333332,0.53,0.10600000000000001
4,520,38,0.000789398066666654,0.45,0.09
5,520,42,0.0008430932333332919,0.51,0.10200000000000001
6,460,40,0.0007910691666667209,0.43,0.086
7,460,44,0.16037092803333325,0.45,0.09
8,500,44,0.0008583197500000732,0.46,0.092
