id,k,alpha,time,acc,score
1,600,90,0.19403946288333335,0.5,0.1
2,580,88,0.19218424871666664,0.5,0.1
3,580,92,0.19285215801666666,0.51,0.10200000000000001
4,620,88,0.0015468640833333324,0.47,0.094
5,620,92,0.001582387383333265,0.51,0.10200000000000001
6,600,94,0.19521836338333323,0.52,0.10400000000000001
7,640,90,0.0015663512833333708,0.48,0.096
8,640,94,0.0016823358500000533,0.49,0.098
9,580,96,0.19775933938333334,0.5,0.1
10,620,96,0.0017652197333333675,0.48,0.096
