id,k,alpha,time,acc,score
1,600,20,0.12729062321666668,0.49,0.098
2,580,18,0.11736288918333336,0.49,0.098
3,580,22,0.1254721875166667,0.45,0.09
4,620,18,0.0014433192500000302,0.49,0.098
5,620,22,0.0005838700333333335,0.44,0.088
