id,k,alpha,time,acc,score
1,1000,10,0.10764836916666669,0.48,0.096
2,980,8,0.11868084238333329,0.47,0.094
3,980,12,0.11225095781666668,0.48,0.096
4,1020,8,0.0024735298333332877,0.46,0.092
5,1020,12,0.000562578116666638,0.46,0.092
