id,k,alpha,time,acc,score
1,900,60,0.18951251593333338,0.52,0.10400000000000001
2,880,58,0.20130777101666666,0.48,0.096
3,880,62,0.1803358826333333,0.5,0.1
4,920,58,0.001256398249999909,0.46,0.092
5,920,62,0.001294781649999995,0.52,0.10400000000000001
