id,k,alpha,time,acc,score
1,100,70,0.22636224988333334,0.42,0.08399999999999999
2,80,68,0.2125702591833333,0.5,0.1
3,80,72,0.20163606480000004,0.51,0.10200000000000001
4,120,68,0.0011216140999999642,0.48,0.096
5,120,72,0.001154983016666596,0.51,0.10200000000000001
6,100,74,0.22505459186666657,0.49,0.098
7,140,70,0.0011623063166666726,0.46,0.092
8,140,74,0.0012806604166666347,0.5,0.1
