id,k,alpha,time,acc,score
1,500,60,0.17980819306666665,0.54,0.10800000000000001
2,480,58,0.17810279596666667,0.46,0.092
3,480,62,0.18125807624999996,0.47,0.094
4,520,58,0.0010800465500000911,0.48,0.096
5,520,62,0.0011292061000000094,0.44,0.088
