id,k,alpha,time,acc,score
1,107,1200,2.5679805121,0.4940239043824701,0.09880478087649402
2,106,1195,2.514896919516667,0.49338645418326693,0.09867729083665339
3,106,1205,2.616166789416667,0.5153784860557769,0.10307569721115536
4,108,1195,0.5069284676999994,0.4937051792828685,0.0987410358565737
5,108,1205,0.6393972555333335,0.5153784860557769,0.10307569721115536
6,107,1210,2.4821966853833337,0.4940239043824701,0.09880478087649402
7,109,1200,0.49950022343333367,0.4938645418326693,0.09877290836653387
8,109,1210,0.5028887963500002,0.49354581673306774,0.09870916334661355
