id,k,alpha,time,acc,score
1,102,1500,3.190740513,0.5429482071713148,0.10858964143426295
2,101,1495,3.3423752384,0.5483665338645418,0.10967330677290836
3,101,1505,3.8508822620500003,0.458804780876494,0.09176095617529881
4,103,1495,0.8923757691166675,0.5493227091633466,0.10986454183266932
5,103,1505,0.893224759266667,0.45832669322709163,0.09166533864541833
6,102,1490,3.6805178841666666,0.4946613545816733,0.09893227091633466
7,104,1490,0.6995265841166675,0.49545816733067727,0.09909163346613545
8,104,1500,0.8995149234166679,0.5423107569721115,0.10846215139442231
