id,k,alpha,time,acc,score
1,8,750,10.639238945083331,0.49243027888446217,0.046284351862595115
2,7,745,9.744694134766668,0.5064541832669323,0.051972301671329886
3,7,755,10.324394185249998,0.4913147410358566,0.04758775500239772
4,9,745,1.6014367924999988,0.5064541832669323,0.10129083665338645
5,9,755,2.3391329132500003,0.49290836653386455,0.09858167330677291
6,8,740,10.011893530650006,0.491792828685259,0.0491208608221516
7,10,740,2.1715584315833287,0.49306772908366536,0.09861354581673307
8,10,750,1.5823467478666695,0.4946613545816733,0.09893227091633466
