id,k,alpha,time,acc,score
1,104,1100,2.3861041967000003,0.4946613545816733,0.09893227091633466
2,103,1095,2.4636496886833332,0.5502788844621513,0.11005577689243026
3,103,1105,2.4578900896999993,0.5163346613545817,0.10326693227091635
4,105,1095,0.5833404180000002,0.5517131474103586,0.11034262948207171
5,105,1105,0.5907814905166674,0.5158565737051792,0.10317131474103584
6,104,1090,2.4273258986333324,0.5515537848605577,0.11031075697211154
7,106,1090,0.5710507693333341,0.5510756972111553,0.11021513944223107
8,106,1100,0.45259733144999925,0.49482071713147413,0.09896414342629482
