id,k,alpha,time,acc,score
1,6,550,8.810161074283334,0.4866932270916335,0.055242262086703534
2,5,545,7.905156772816666,0.5062948207171315,0.06404614548039317
3,5,555,7.604854862150001,0.5062948207171315,0.06657521147931478
4,7,545,1.1340356044999984,0.5064541832669323,0.10129083665338645
5,7,555,1.0341248549666677,0.5064541832669323,0.10129083665338645
6,6,560,7.380038718466665,0.506613545816733,0.06864646177926707
7,8,550,1.7584446180499982,0.49211155378486054,0.09842231075697211
8,8,560,1.1888729130499995,0.5064541832669323,0.10129083665338645

