id,k,alpha,time,acc,score
1,70,800,1.2494503054666666,0.6632669322709164,0.1326533864541833
2,60,750,1.1233263262166702,0.6610358565737052,0.13220717131474105
3,60,850,1.341521445699997,0.6578486055776892,0.13156972111553783
4,80,750,1.1116319643666657,0.6623107569721115,0.1324621513944223
5,80,850,1.3257284340499988,0.6589641434262948,0.13179282868525896
