id,k,alpha,time,acc,score
1,70,700,1.0353715526166676,0.665816733067729,0.1331633466135458
2,60,650,0.9348733785499993,0.6610358565737052,0.13220717131474105
3,60,750,1.1318818050500037,0.6610358565737052,0.13220717131474105
4,80,650,0.9372703750333358,0.6608764940239044,0.13217529880478088
5,80,750,1.1247346411666663,0.6623107569721115,0.1324621513944223
