id,k,alpha,time,acc,score
1,70,500,0.6719888649499998,0.665816733067729,0.1331633466135458
2,60,450,0.592927960549999,0.6653386454183267,0.13306772908366532
3,60,550,0.7960835831000016,0.6648605577689243,0.13297211155378486
4,80,450,0.5864572114166701,0.6610358565737052,0.13220717131474105
5,80,550,0.7920894447333315,0.6573705179282868,0.13147410358565736
