id,k,alpha,time,acc,score
1,130,500,0.6942831726166635,0.6557768924302789,0.1311553784860558
2,120,450,0.607222872500006,0.6530677290836654,0.13061354581673307
3,120,550,0.811067352050001,0.6551394422310757,0.13102788844621513
4,140,450,0.6052576297999924,0.6540239043824702,0.13080478087649403
5,140,550,0.8050162367499979,0.651792828685259,0.1303585657370518
