id,k,alpha,time,acc,score
1,50,600,0.847325639766666,0.6607171314741036,0.13214342629482073
2,40,550,0.8102112454999997,0.6610358565737052,0.13220717131474105
3,40,650,0.9434456080500013,0.6680478087649402,0.13360956175298805
4,60,550,0.8005985007999982,0.6648605577689243,0.13297211155378486
5,60,650,0.9264585926333325,0.6610358565737052,0.13220717131474105
6,30,600,0.838613909383334,0.6650199203187251,0.13300398406374503
7,30,700,1.0143707544666674,0.6648605577689243,0.13297211155378486
8,50,700,0.9933628013833338,0.6551394422310757,0.13102788844621513
