id,k,alpha,time,acc,score
1,110,600,0.8889144155500011,0.6584860557768925,0.1316972111553785
2,100,550,0.7720359156500005,0.6578486055776892,0.13156972111553783
3,100,650,0.9491009354500117,0.6599203187250996,0.13198406374501992
4,120,550,0.7663008365166661,0.6551394422310757,0.13102788844621513
5,120,650,0.9563877888333233,0.6522709163346614,0.13045418326693228
6,90,600,0.876510686900004,0.6592828685258965,0.13185657370517928
7,90,700,1.0197165444166634,0.6576892430278884,0.13153784860557768
8,110,700,1.0077854081000017,0.6532270916334662,0.13064541832669324
