id,k,alpha,time,acc,score
1,50,800,1.2095756380500007,0.6537051792828685,0.1307410358565737
2,40,750,1.1523857511333329,0.6653386454183267,0.13306772908366532
3,40,850,1.2649870062166655,0.6631075697211155,0.1326215139442231
4,60,750,1.146851465616669,0.6610358565737052,0.13220717131474105
5,60,850,1.25113295025,0.6578486055776892,0.13156972111553783
6,30,700,1.0280683901833336,0.6648605577689243,0.13297211155378486
7,30,800,1.211601230166669,0.6581673306772908,0.13163346613545818
8,50,700,1.0366879276,0.6551394422310757,0.13102788844621513
