id,k,alpha,time,acc,score
1,110,700,1.0548405569833297,0.6532270916334662,0.13064541832669324
2,100,650,0.9589767656166714,0.6599203187250996,0.13198406374501992
3,100,750,1.098728952866668,0.6575298804780877,0.13150597609561754
4,120,650,0.9614020469333354,0.6522709163346614,0.13045418326693228
5,120,750,1.1230891241499952,0.6484462151394422,0.12968924302788845
6,90,600,0.8956028063166589,0.6592828685258965,0.13185657370517928
7,90,700,1.0434757100999983,0.6576892430278884,0.13153784860557768
8,110,600,0.8996898155166643,0.6584860557768925,0.1316972111553785
