id,k,alpha,time,acc,score
1,50,700,1.010086489116666,0.6551394422310757,0.13102788844621513
2,40,650,0.9377306699833335,0.6680478087649402,0.13360956175298805
3,40,750,1.10571959565,0.6653386454183267,0.13306772908366532
4,60,650,0.9410448266999992,0.6610358565737052,0.13220717131474105
5,60,750,1.1168978114666668,0.6610358565737052,0.13220717131474105
6,30,600,0.8535470788333328,0.6650199203187251,0.13300398406374503
7,30,700,1.0250045829166652,0.6648605577689243,0.13297211155378486
8,50,600,0.8452857533999993,0.6607171314741036,0.13214342629482073
