id,k,alpha,time,acc,score
1,800,60,0.17132989211666666,0.6,0.12
2,780,58,0.16996597746666667,0.58,0.11599999999999999
3,780,62,0.17648476318333337,0.58,0.11599999999999999
4,820,58,0.0010573247666666673,0.59,0.118
5,820,62,0.001085188416666701,0.6,0.12
