id,k,alpha,time,acc,score
1,700,80,0.1823359754833333,0.61,0.122
2,680,78,0.17829197625,0.61,0.122
3,680,82,0.18751100286666672,0.61,0.122
4,720,78,0.001280814250000025,0.59,0.118
5,720,82,0.0013053385166667652,0.61,0.122
