id,k,alpha,time,acc,score
1,300,60,0.17361168198333338,0.57,0.11399999999999999
2,280,58,0.16892493648333334,0.57,0.11399999999999999
3,280,62,0.1751370216333333,0.59,0.118
4,320,58,0.0008850534333332641,0.54,0.10800000000000001
5,320,62,0.0009244755500000442,0.58,0.11599999999999999
6,260,60,0.0009041411833332328,0.56,0.11200000000000002
7,260,64,0.17508293964999996,0.58,0.11599999999999999
8,300,64,0.0009578349333332644,0.59,0.118
