id,k,alpha,time,acc,score
1,1677,290,0.007447879783332685,0.65,0.13
2,1676,289,0.006806027216666166,0.64,0.128
3,1676,291,0.007274026383332928,0.64,0.128
4,1678,289,0.00535925724999989,0.65,0.13
5,1678,291,0.0058446825999993735,0.65,0.13
