id,k,alpha,time,acc,score
1,1650,255,0.0067333830000000225,0.65,0.13
2,1649,254,0.006603851966666656,0.65,0.13
3,1649,256,0.006829350049999998,0.63,0.126
4,1651,254,0.005370984483333323,0.65,0.13
5,1651,256,0.005648975933333341,0.64,0.128
