id,k,alpha,time,acc,score
1,1689,315,0.008118705749999814,0.67,0.134
2,1688,314,0.008216101883334659,0.67,0.134
3,1688,316,0.007539640449999751,0.67,0.134
4,1690,314,0.006216759983334441,0.66,0.132
5,1690,316,0.0063488939000005,0.67,0.134
