id,k,alpha,time,acc,score
1,1689,265,0.006278988416666683,0.63,0.126
2,1688,264,0.006256260699999908,0.63,0.126
3,1688,266,0.006111109766665853,0.62,0.124
4,1690,264,0.0049189316666665185,0.63,0.126
5,1690,266,0.0047134892500006725,0.62,0.124
