id,k,alpha,time,acc,score
1,1677,275,0.0065398138000006155,0.65,0.13
2,1676,274,0.00631326750000009,0.64,0.128
3,1676,276,0.006857264599999743,0.65,0.13
4,1678,274,0.005329404916667121,0.64,0.128
5,1678,276,0.005401132466667491,0.65,0.13
