id,k,alpha,time,acc,score
1,1656,275,0.006723144699999987,0.65,0.13
2,1655,274,0.006655385233333296,0.65,0.13
3,1655,276,0.006553207733333484,0.65,0.13
4,1657,274,0.005370995849999834,0.64,0.128
5,1657,276,0.005338017316666566,0.64,0.128
