id,k,alpha,time,acc,score
1,1725,310,0.008451994633333015,0.64,0.128
2,1724,309,0.008393629283333818,0.65,0.13
3,1724,311,0.008151042149999435,0.64,0.128
4,1726,309,0.00640267326666617,0.64,0.128
5,1726,311,0.006422926366667525,0.64,0.128
6,1723,308,0.008494554550001492,0.64,0.128
7,1723,310,0.006627037399997941,0.64,0.128
8,1725,308,0.006741008016668578,0.64,0.128
