id,k,alpha,time,acc,score
1,1704,285,0.007580851799999285,0.66,0.132
2,1703,284,0.00727529478333319,0.66,0.132
3,1703,286,0.00724906136666732,0.66,0.132
4,1705,284,0.006016771733332386,0.65,0.13
5,1705,286,0.005787148766667845,0.67,0.134
6,1704,287,0.007372531333334109,0.66,0.132
7,1706,285,0.005849336133333812,0.65,0.13
8,1706,287,0.005804116033332699,0.67,0.134
