id,k,alpha,time,acc,score
1,1650,250,0.006451069316666687,0.66,0.132
2,1649,249,0.006243322033333361,0.65,0.13
3,1649,251,0.00692507296666666,0.65,0.13
4,1651,249,0.005043373266666654,0.65,0.13
5,1651,251,0.0051997654500000046,0.65,0.13
