id,k,alpha,time,acc,score
1,1725,295,0.007497776383331711,0.65,0.13
2,1724,294,0.007488101133333203,0.66,0.132
3,1724,296,0.007335587700000209,0.64,0.128
4,1726,294,0.005854064316667973,0.66,0.132
5,1726,296,0.006054202449998532,0.64,0.128
6,1725,293,0.0074482179499985555,0.65,0.13
7,1727,293,0.005905822833331816,0.65,0.13
8,1727,295,0.006244091683333864,0.65,0.13
