id,k,alpha,time,acc,score
1,1674,305,0.007324132633333609,0.65,0.13
2,1673,304,0.007526313533333943,0.65,0.13
3,1673,306,0.007665357950000384,0.65,0.13
4,1675,304,0.00578935923333385,0.65,0.13
5,1675,306,0.006106565566666214,0.66,0.132
6,1674,307,0.007986799733333782,0.65,0.13
7,1676,305,0.006128690249999143,0.66,0.132
8,1676,307,0.006337486766666226,0.65,0.13
