id,k,alpha,time,acc,score
1,1698,265,0.006324984500001089,0.64,0.128
2,1697,264,0.006312934616666628,0.62,0.124
3,1697,266,0.0061719137833335935,0.64,0.128
4,1699,264,0.004860689749998907,0.62,0.124
5,1699,266,0.00508189418333321,0.64,0.128
