id,k,alpha,time,acc,score
1,1686,315,0.008128902500000852,0.67,0.134
2,1685,314,0.007468280166667303,0.67,0.134
3,1685,316,0.007997885466664911,0.67,0.134
4,1687,314,0.006065136199998733,0.67,0.134
5,1687,316,0.006412944249999933,0.67,0.134
