id,k,alpha,time,acc,score
1,1680,310,0.008030225983333139,0.67,0.134
2,1679,309,0.007656111166666809,0.66,0.132
3,1679,311,0.007411456583333613,0.67,0.134
4,1681,309,0.0061172867833334975,0.65,0.13
5,1681,311,0.00607313728333357,0.67,0.134
