id,k,alpha,time,acc,score
1,1695,250,0.005827426150000292,0.63,0.126
2,1694,249,0.00598571813333327,0.63,0.126
3,1694,251,0.006079408299999992,0.63,0.126
4,1696,249,0.0045849219500003835,0.63,0.126
5,1696,251,0.004970312583333225,0.63,0.126
