id,k,alpha,time,acc,score
1,1713,280,0.0069541675499995865,0.66,0.132
2,1712,279,0.0066610452000001414,0.66,0.132
3,1712,281,0.007077128016667681,0.64,0.128
4,1714,279,0.005311774383333538,0.65,0.13
5,1714,281,0.005409769633333402,0.65,0.13
