id,k,alpha,time,acc,score
1,1686,285,0.007051832383333097,0.65,0.13
2,1685,284,0.0068606058166665205,0.65,0.13
3,1685,286,0.007048190633332752,0.66,0.132
4,1687,284,0.005665618516667336,0.65,0.13
5,1687,286,0.005519655249999763,0.67,0.134
6,1686,287,0.006693012499999896,0.67,0.134
7,1688,285,0.00584875573333458,0.67,0.134
8,1688,287,0.005648553100000223,0.67,0.134
