id,k,alpha,time,acc,score
1,1716,315,0.008064950066667128,0.66,0.132
2,1715,314,0.00791273383333267,0.65,0.13
3,1715,316,0.008127210333333324,0.64,0.128
4,1717,314,0.00621821938333369,0.65,0.13
5,1717,316,0.006519512733333007,0.64,0.128
