id,k,alpha,time,acc,score
1,1668,310,0.007836172333333025,0.64,0.128
2,1667,309,0.007953497533334068,0.64,0.128
3,1667,311,0.007749826683333557,0.64,0.128
4,1669,309,0.005632756450000898,0.64,0.128
5,1669,311,0.006156646483333361,0.64,0.128
