id,k,alpha,time,acc,score
1,1689,285,0.006780906283332418,0.67,0.134
2,1688,284,0.006512037016665318,0.65,0.13
3,1688,286,0.007209528416668339,0.67,0.134
4,1690,284,0.005536786400000437,0.65,0.13
5,1690,286,0.005658325950001123,0.67,0.134
