id,k,alpha,time,acc,score
1,1674,250,0.005938967800000227,0.64,0.128
2,1673,249,0.005811191266666545,0.64,0.128
3,1673,251,0.005980664200000281,0.64,0.128
4,1675,249,0.0045528601666660505,0.63,0.126
5,1675,251,0.004698138766666678,0.64,0.128
