id,k,alpha,time,acc,score
1,1683,295,0.006928428750000156,0.65,0.13
2,1682,294,0.007042204399999719,0.65,0.13
3,1682,296,0.007092587000000586,0.65,0.13
4,1684,294,0.005716508066666392,0.65,0.13
5,1684,296,0.005828484166666688,0.65,0.13
