id,k,alpha,time,acc,score
1,1704,290,0.007368970449999779,0.67,0.134
2,1703,289,0.007474087216665263,0.66,0.132
3,1703,291,0.007642940866666474,0.67,0.134
4,1705,289,0.0063015314166667245,0.67,0.134
5,1705,291,0.006021005333334036,0.67,0.134
