id,k,alpha,time,acc,score
1,1692,265,0.006342145000000225,0.62,0.124
2,1691,264,0.006190174833333609,0.64,0.128
3,1691,266,0.006569299949999655,0.62,0.124
4,1693,264,0.004794417583334128,0.63,0.126
5,1693,266,0.005151205499998923,0.62,0.124
6,1690,263,0.006511998066666062,0.63,0.126
7,1690,265,0.004973541000000145,0.63,0.126
8,1692,263,0.0050313894833342,0.64,0.128
