id,k,alpha,time,acc,score
1,1671,315,0.008350900316666335,0.65,0.13
2,1670,314,0.007757801733333736,0.66,0.132
3,1670,316,0.007807094483333306,0.66,0.132
4,1672,314,0.006439454266666189,0.66,0.132
5,1672,316,0.006218601783333119,0.66,0.132
6,1671,317,0.007461459583332915,0.65,0.13
7,1673,315,0.006668990516666895,0.66,0.132
8,1673,317,0.005936543450000424,0.66,0.132
