id,k,alpha,time,acc,score
1,1710,270,0.007068738133333833,0.66,0.132
2,1709,269,0.007107301016666649,0.64,0.128
3,1709,271,0.0067677740833327485,0.65,0.13
4,1711,269,0.005728275499999806,0.64,0.128
5,1711,271,0.005386118233332127,0.64,0.128
