id,k,alpha,time,acc,score
1,1689,275,0.006511772350000911,0.65,0.13
2,1688,274,0.006657875883333494,0.64,0.128
3,1688,276,0.006374503016667176,0.64,0.128
4,1690,274,0.005339676633334041,0.64,0.128
5,1690,276,0.005126747050000328,0.64,0.128
