id,k,alpha,time,acc,score
1,1686,250,0.005909922600000073,0.63,0.126
2,1685,249,0.0056857362499992325,0.63,0.126
3,1685,251,0.005975755750000644,0.63,0.126
4,1687,249,0.004667464866667122,0.63,0.126
5,1687,251,0.004319688783333693,0.63,0.126
