id,k,alpha,time,acc,score
1,1710,295,0.007111261466667429,0.67,0.134
2,1709,294,0.007693508300000455,0.67,0.134
3,1709,296,0.00745702653333448,0.67,0.134
4,1711,294,0.0064505718166666766,0.67,0.134
5,1711,296,0.005760050983334016,0.66,0.132
