id,k,alpha,time,acc,score
1,1716,320,0.008688993666665586,0.66,0.132
2,1715,319,0.009111233633332935,0.64,0.128
3,1715,321,0.008804209599999998,0.65,0.13
4,1717,319,0.00697493393333275,0.65,0.13
5,1717,321,0.00692432058333452,0.67,0.134
6,1716,322,0.008840841350000043,0.66,0.132
7,1718,320,0.0072448310166673005,0.65,0.13
8,1718,322,0.007013018000001618,0.66,0.132
