id,k,alpha,time,acc,score
1,1707,310,0.008365230350000275,0.67,0.134
2,1706,309,0.008346280950000088,0.66,0.132
3,1706,311,0.00789298958333499,0.67,0.134
4,1708,309,0.006671850133333616,0.67,0.134
5,1708,311,0.006309050266666342,0.67,0.134
