id,k,alpha,time,acc,score
1,1698,305,0.007682859616666823,0.66,0.132
2,1697,304,0.007464374816667411,0.66,0.132
3,1697,306,0.007749572483332182,0.67,0.134
4,1699,304,0.005878650866666627,0.66,0.132
5,1699,306,0.005807419749999099,0.67,0.134
6,1698,307,0.007688829033334817,0.67,0.134
7,1700,305,0.005873418783333288,0.66,0.132
8,1700,307,0.006506395116665923,0.67,0.134
