id,k,alpha,time,acc,score
1,1722,315,0.008142541183332241,0.65,0.13
2,1721,314,0.00788458270000092,0.66,0.132
3,1721,316,0.008209505150000495,0.65,0.13
4,1723,314,0.006289177500000657,0.65,0.13
5,1723,316,0.0063307624166668575,0.65,0.13
6,1720,313,0.008078178750001068,0.66,0.132
7,1720,315,0.006783005716666442,0.65,0.13
8,1722,313,0.00653851376666618,0.65,0.13
