id,k,alpha,time,acc,score
1,500,80,0.0014376315166657605,0.57,0.11399999999999999
2,480,78,0.001730214033333747,0.57,0.11399999999999999
3,480,82,0.0013240122333343153,0.56,0.11200000000000002
4,520,78,0.0011808260166674244,0.58,0.11599999999999999
5,520,82,0.0013084392000015062,0.57,0.11399999999999999
6,500,76,0.0014509222666655812,0.58,0.11599999999999999
7,540,76,0.0013271217000010438,0.57,0.11399999999999999
8,540,80,0.0011051634499987509,0.56,0.11200000000000002
