id,k,alpha,time,acc,score
1,100,40,0.001081587833332757,0.54,0.10800000000000001
2,80,38,0.0006231816666665206,0.51,0.10200000000000001
3,80,42,0.0008454701833329637,0.54,0.10800000000000001
4,120,38,0.0006860826166663022,0.52,0.10400000000000001
5,120,42,0.00044234265000113736,0.59,0.118
6,100,44,0.0011753022333342263,0.55,0.11000000000000001
7,140,40,0.00037808643333316164,0.58,0.11599999999999999
8,140,44,0.0004618536666650167,0.55,0.11000000000000001
