id,k,alpha,time,acc,score
1,1500,550,0.014977406000000037,0.62,0.124
2,1490,540,0.015167313633333398,0.65,0.13
3,1490,560,0.01542550519999999,0.63,0.126
4,1510,540,0.012595727883333296,0.64,0.128
5,1510,560,0.013125965983333406,0.62,0.124
6,1480,530,0.014174666316666655,0.63,0.126
7,1480,550,0.012343392483333323,0.62,0.124
8,1500,530,0.011447840466666647,0.66,0.132
9,1490,520,0.013814440350000012,0.64,0.128
10,1510,520,0.011269177266666593,0.64,0.128
