id,k,alpha,time,acc,score
1,200,40,0.0005718881166671963,0.53,0.10600000000000001
2,180,38,0.0010796568500002952,0.52,0.10400000000000001
3,180,42,0.0005322501499999059,0.54,0.10800000000000001
4,220,38,0.0004759414666655933,0.54,0.10800000000000001
5,220,42,0.0008171340833333337,0.52,0.10400000000000001
6,200,36,0.0006663880666659831,0.52,0.10400000000000001
7,240,36,0.00039508014999872407,0.52,0.10400000000000001
8,240,40,0.0004918207000002894,0.52,0.10400000000000001
