id,k,alpha,time,acc,score
1,1625,400,0.01057472991666657,0.65,0.13
2,1615,390,0.010482510166666733,0.66,0.132
3,1615,410,0.01150667134999992,0.65,0.13
4,1635,390,0.00856431925000057,0.64,0.128
5,1635,410,0.009273763699999904,0.64,0.128
6,1605,380,0.010028431133333508,0.64,0.128
7,1605,400,0.008356303766667376,0.66,0.132
8,1625,380,0.0077916750666673805,0.65,0.13
