id,k,alpha,time,acc,score
1,500,60,0.0012591439499999523,0.58,0.11599999999999999
2,480,58,0.0013024022333335476,0.57,0.11399999999999999
3,480,62,0.0013025009833332508,0.58,0.11599999999999999
4,520,58,0.001121947149999869,0.58,0.11599999999999999
5,520,62,0.000926151349998842,0.56,0.11200000000000002
