id,k,alpha,time,acc,score
1,1575,500,0.0139432694499997,0.64,0.128
2,1565,490,0.013660209983333024,0.62,0.124
3,1565,510,0.013913503033333541,0.63,0.126
4,1585,490,0.010840551249999919,0.66,0.132
5,1585,510,0.011488031699999604,0.63,0.126
6,1575,480,0.012659936766666628,0.63,0.126
7,1595,480,0.010361431483333187,0.66,0.132
8,1595,500,0.011490828616666704,0.63,0.126
