id,k,alpha,time,acc,score
1,1725,500,0.014070711566666698,0.63,0.126
2,1715,490,0.014050895616666519,0.64,0.128
3,1715,510,0.01487665268333463,0.63,0.126
4,1735,490,0.011233925483332996,0.62,0.124
5,1735,510,0.011772470166666457,0.63,0.126
6,1705,480,0.012716228833333313,0.65,0.13
7,1705,500,0.010992252066667636,0.66,0.132
8,1725,480,0.01017606201666581,0.63,0.126
9,1695,490,0.011297693599999548,0.65,0.13
10,1695,510,0.010787377199998597,0.64,0.128
