id,k,alpha,time,acc,score
1,500,800,0.5647996271333333,0.55,0.11000000000000001
2,490,790,0.5353752732833333,0.56,0.11200000000000002
3,490,810,0.5656805570000001,0.56,0.11200000000000002
4,510,790,0.011013101483333307,0.54,0.10800000000000001
5,510,810,0.011243834500000105,0.56,0.11200000000000002
6,500,820,0.5713198668333334,0.55,0.11000000000000001
7,520,800,0.01092967608333358,0.55,0.11000000000000001
8,520,820,0.011243476600000217,0.56,0.11200000000000002
