id,k,alpha,time,acc,score
1,500,500,0.34998484085000003,0.59,0.118
2,490,490,0.34149109954999995,0.58,0.11599999999999999
3,490,510,0.3604316227500001,0.59,0.118
4,510,490,0.0070991354833331854,0.59,0.118
5,510,510,0.007323152533333163,0.59,0.118
