id,k,alpha,time,acc,score
1,500,900,0.0266994791666671,0.55,0.11000000000000001
2,490,890,0.027814723249999437,0.55,0.11000000000000001
3,490,910,0.026570841583333997,0.55,0.11000000000000001
4,510,890,0.0219024044333338,0.55,0.11000000000000001
5,510,910,0.020331825650000232,0.55,0.11000000000000001
