id,k,alpha,time,acc,score
1,500,600,0.017248203899999717,0.58,0.11599999999999999
2,490,590,0.016010264299999712,0.58,0.11599999999999999
3,490,610,0.016571722383333546,0.56,0.11200000000000002
4,510,590,0.013766792233333073,0.56,0.11200000000000002
5,510,610,0.013767698983333314,0.56,0.11200000000000002
