id,k,alpha,time,acc,score
1,1400,900,0.028232792483333925,0.6,0.12
2,1390,890,0.028390452183333536,0.6,0.12
3,1390,910,0.028961077550000405,0.6,0.12
4,1410,890,0.022299915883333674,0.6,0.12
5,1410,910,0.02242485013333256,0.6,0.12
