id,k,alpha,time,acc,score
1,700,800,0.023693232066666306,0.58,0.11599999999999999
2,690,790,0.023469501933333466,0.58,0.11599999999999999
3,690,810,0.02415357406666677,0.56,0.11200000000000002
4,710,790,0.018749039316666462,0.57,0.11399999999999999
5,710,810,0.019016771866666695,0.57,0.11399999999999999
