id,k,alpha,time,acc,score
1,700,600,0.01679502573333309,0.56,0.11200000000000002
2,690,590,0.017519261666666352,0.58,0.11599999999999999
3,690,610,0.01600161686666676,0.57,0.11399999999999999
4,710,590,0.014127408666666952,0.58,0.11599999999999999
5,710,610,0.014496550516667147,0.57,0.11399999999999999
6,700,580,0.01649932123333334,0.56,0.11200000000000002
7,720,580,0.013204581116666721,0.58,0.11599999999999999
8,720,600,0.013841661883333245,0.57,0.11399999999999999
