id,k,alpha,time,acc,score
1,500,500,0.01301114658333328,0.59,0.118
2,490,490,0.013060948300000064,0.59,0.118
3,490,510,0.012898548100000084,0.58,0.11599999999999999
4,510,490,0.010446655849999804,0.58,0.11599999999999999
5,510,510,0.011065807133333768,0.58,0.11599999999999999
