id,k,alpha,time,acc,score
1,500,800,0.024043779466666138,0.56,0.11200000000000002
2,490,790,0.023003200550000238,0.56,0.11200000000000002
3,490,810,0.02397303223333343,0.57,0.11399999999999999
4,510,790,0.017652085016666774,0.56,0.11200000000000002
5,510,810,0.0187791455333335,0.55,0.11000000000000001
6,480,800,0.019880522916667094,0.57,0.11399999999999999
7,480,820,0.023989455533333627,0.57,0.11399999999999999
8,500,820,0.018362854466666554,0.56,0.11200000000000002
