id,k,alpha,time,acc,score
1,300,900,0.024938009800000317,0.57,0.11399999999999999
2,290,890,0.02742132704999989,0.56,0.11200000000000002
3,290,910,0.02757014491666657,0.57,0.11399999999999999
4,310,890,0.02244143154999989,0.57,0.11399999999999999
5,310,910,0.02191684340000014,0.57,0.11399999999999999
