id,k,alpha,time,acc,score
1,400,1000,0.028653131516666975,0.57,0.11399999999999999
2,390,990,0.028365065433333333,0.57,0.11399999999999999
3,390,1010,0.030169659016667082,0.57,0.11399999999999999
4,410,990,0.024203014466666655,0.57,0.11399999999999999
5,410,1010,0.024132462566666863,0.57,0.11399999999999999
