id,k,alpha,time,acc,score
1,700,1000,1.6617034842000673,0.6176892430278884,0.12353784860557768
2,690,990,1.642370062316695,0.6168924302788844,0.12337848605577688
3,690,1010,1.6645520040833313,0.61800796812749,0.12360159362549801
4,710,990,1.6390222699833734,0.618804780876494,0.12376095617529881
5,710,1010,1.668381116983437,0.6173705179282869,0.12347410358565739
6,700,980,1.628754857616756,0.6181673306772908,0.12363346613545816
7,720,980,1.6109694132832373,0.6186454183266932,0.12372908366533864
8,720,1000,1.6548602144666802,0.6186454183266932,0.12372908366533864
