id,k,alpha,time,acc,score
1,1200,600,0.9220174016501308,0.6339442231075697,0.12678884462151394
2,1190,590,0.8970480818665237,0.6336254980079681,0.12672509960159362
3,1190,610,0.9246766583666612,0.6325099601593626,0.1265019920318725
4,1210,590,0.8843048433334236,0.6336254980079681,0.12672509960159362
5,1210,610,0.9181674262334127,0.6363346613545817,0.12726693227091634
6,1200,620,0.9451505706000414,0.6336254980079681,0.12672509960159362
7,1220,600,0.9164617168333886,0.6339442231075697,0.12678884462151394
8,1220,620,0.937533247149986,0.6336254980079681,0.12672509960159362
