id,k,alpha,time,acc,score
1,800,900,1.442088414949952,0.6202390438247012,0.12404780876494023
2,790,890,1.4352022455666884,0.6215139442231076,0.12430278884462151
3,790,910,1.4428845285333713,0.6203984063745019,0.12407968127490039
4,810,890,1.4281316971332367,0.6202390438247012,0.12404780876494023
5,810,910,1.4391830011167863,0.6203984063745019,0.12407968127490039
6,780,880,1.4351640256000489,0.6194422310756972,0.12388844621513943
7,780,900,1.4438561656166713,0.619601593625498,0.1239203187250996
8,800,880,1.428695295649959,0.6210358565737052,0.12420717131474104
