id,k,alpha,time,acc,score
1,600,700,1.0765072419333592,0.62199203187251,0.12439840637450199
2,590,690,1.0499253911501,0.6223107569721116,0.12446215139442232
3,590,710,1.0954465301000407,0.6221513944223107,0.12443027888446215
4,610,690,1.0453165957666595,0.6221513944223107,0.12443027888446215
5,610,710,1.0890060221333746,0.6223107569721116,0.12446215139442232
6,600,720,1.1219693046499741,0.6215139442231076,0.12430278884462151
7,620,700,1.0671832664667211,0.6213545816733068,0.12427091633466136
8,620,720,1.1118284648334036,0.6208764940239044,0.12417529880478088
