id,k,alpha,time,acc,score
1,1900,1000,1.659609271716666,0.662788844621514,0.1325577689243028
2,1890,990,1.6447441764500885,0.6608764940239044,0.13217529880478088
3,1890,1010,1.6776515688332438,0.6623107569721115,0.1324621513944223
4,1910,990,1.63507782021649,0.6610358565737052,0.13220717131474105
5,1910,1010,1.6671654778833422,0.6621513944223107,0.13243027888446215
