id,k,alpha,time,acc,score
1,1600,600,0.925472570383378,0.6463745019920318,0.12927490039840636
2,1590,590,0.8977991230499659,0.6439840637450199,0.12879681274900398
3,1590,610,0.9457534759834137,0.6452589641434263,0.12905179282868526
4,1610,590,0.9096798705834469,0.6492430278884462,0.12984860557768924
5,1610,610,0.9436050990834095,0.6484462151394422,0.12968924302788845
6,1600,580,0.8728612705999694,0.6463745019920318,0.12927490039840636
7,1620,580,0.86961693701669,0.6481274900398406,0.12962549800796813
8,1620,600,0.9143882651333115,0.648605577689243,0.1297211155378486
