id,k,alpha,time,acc,score
1,1000,1000,1.6704176450833377,0.6224701195219123,0.12449402390438247
2,990,990,1.6178971025833258,0.622788844621514,0.12455776892430279
3,990,1010,1.6811549157167367,0.6218326693227092,0.12436653386454184
4,1010,990,1.609702195083446,0.623585657370518,0.1247171314741036
5,1010,1010,1.6757963578333146,0.6237450199203187,0.12474900398406374
6,1000,1020,1.6616479330332368,0.6226294820717132,0.12452589641434264
7,1020,1000,1.6728988839832406,0.622788844621514,0.12455776892430279
8,1020,1020,1.6497733468999891,0.6218326693227092,0.12436653386454184
