id,k,alpha,time,acc,score
1,2000,700,1.1266093256000507,0.66199203187251,0.132398406374502
2,1990,690,1.105244790166762,0.6639043824701195,0.1327808764940239
3,1990,710,1.124091668666612,0.6631075697211155,0.1326215139442231
4,2010,690,1.1039508862333605,0.6615139442231076,0.13230278884462152
5,2010,710,1.1192606555998887,0.6623107569721115,0.1324621513944223
6,1980,680,1.072817962233239,0.6608764940239044,0.13217529880478088
7,1980,700,1.1112792147498112,0.6621513944223107,0.13243027888446215
8,2000,680,1.0632378473999173,0.6631075697211155,0.1326215139442231
