id,k,alpha,time,acc,score
1,100,700,1.0840380759333281,0.659601593625498,0.1319203187250996
2,90,690,1.0601443631166754,0.6575298804780877,0.13150597609561754
3,90,710,1.0732936274666676,0.6578486055776892,0.13156972111553783
4,110,690,1.057206833249999,0.6529083665338645,0.1305816733067729
5,110,710,1.069256989000011,0.6535458167330678,0.13070916334661356
