id,k,alpha,time,acc,score
1,200,500,0.6947648963000271,0.6438247011952192,0.12876494023904383
2,190,490,0.6714632942666867,0.6438247011952192,0.12876494023904383
3,190,510,0.7221663740000319,0.6409561752988048,0.12819123505976096
4,210,490,0.6802388322999832,0.6433466135458167,0.12866932270916334
5,210,510,0.7224365472666856,0.6435059760956175,0.12870119521912352
