id,k,alpha,time,acc,score
1,800,800,1.2566809674666728,0.6208764940239044,0.12417529880478088
2,790,790,1.254179416433423,0.6232669322709163,0.12465338645418327
3,790,810,1.2828820673833736,0.6213545816733068,0.12427091633466136
4,810,790,1.235592807416712,0.6216733067729083,0.12433466135458167
5,810,810,1.274455693733277,0.623585657370518,0.1247171314741036
6,800,820,1.2827571657166117,0.6218326693227092,0.12436653386454184
7,820,800,1.258594704033385,0.6186454183266932,0.12372908366533864
8,820,820,1.2766057566832993,0.6202390438247012,0.12404780876494023
