id,k,alpha,time,acc,score
1,500,900,1.4652905226500177,0.6189641434262948,0.12379282868525895
2,490,890,1.4214018291666435,0.621195219123506,0.12423904382470119
3,490,910,1.4695521719500297,0.6200796812749004,0.12401593625498009
4,510,890,1.4158340589500464,0.6192828685258964,0.12385657370517929
5,510,910,1.4553975881999577,0.6184860557768924,0.12369721115537849
6,480,880,1.3973973605333716,0.6197609561752988,0.12395219123505977
7,480,900,1.4527386800666742,0.618804780876494,0.12376095617529881
8,500,880,1.3958395839166768,0.6194422310756972,0.12388844621513943
