id,k,alpha,time,acc,score
1,400,900,1.4311699070333512,0.6207171314741036,0.12414342629482071
2,390,890,1.3888620454166811,0.6224701195219123,0.12449402390438247
3,390,910,1.4566271715833257,0.6224701195219123,0.12449402390438247
4,410,890,1.3830203093333087,0.6199203187250996,0.12398406374501991
5,410,910,1.4477596392166865,0.6183266932270917,0.12366533864541833
6,380,900,1.4236145027332896,0.6210358565737052,0.12420717131474104
7,380,920,1.470711089200025,0.6199203187250996,0.12398406374501991
8,400,920,1.4510111232000176,0.6203984063745019,0.12407968127490039
