id,k,alpha,time,acc,score
1,1900,500,0.7366376585666633,0.6583266932270916,0.13166533864541832
2,1890,490,0.7047717942834424,0.6599203187250996,0.13198406374501992
3,1890,510,0.7585002191500583,0.6575298804780877,0.13150597609561754
4,1910,490,0.703841033349939,0.659601593625498,0.1319203187250996
5,1910,510,0.7424440594166906,0.6573705179282868,0.13147410358565736
6,1880,480,0.6981077030667318,0.6594422310756972,0.13188844621513945
7,1880,500,0.7313859121667823,0.6588047808764941,0.13176095617529882
8,1900,480,0.68605659941677,0.6573705179282868,0.13147410358565736
