id,k,alpha,time,acc,score
1,600,500,0.7024977220999669,0.629800796812749,0.1259601593625498
2,590,490,0.6935226003499945,0.6285258964143426,0.12570517928286853
3,590,510,0.7333636056666971,0.628207171314741,0.12564143426294822
4,610,490,0.6933613573666662,0.629003984063745,0.125800796812749
5,610,510,0.7326084689166843,0.6286852589641434,0.12573705179282868
