id,k,alpha,time,acc,score
1,500,700,1.0660460291666822,0.623585657370518,0.1247171314741036
2,490,690,1.053791160483282,0.6256573705179282,0.12513147410358566
3,490,710,1.081919696499972,0.6232669322709163,0.12465338645418327
4,510,690,1.0482159265666269,0.6261354581673306,0.12522709163346613
5,510,710,1.0780168287500904,0.6243824701195219,0.12487649402390437
6,500,680,1.0185571010499794,0.6250199203187251,0.12500398406374502
7,520,680,1.0132678614500037,0.6247011952191235,0.1249402390438247
8,520,700,1.0660688600666617,0.622788844621514,0.12455776892430279
