id,k,alpha,time,acc,score
1,700,1100,1.797389002033257,0.616414342629482,0.1232828685258964
2,690,1090,1.815642469749946,0.6175298804780877,0.12350597609561753
3,690,1110,1.8538971209999242,0.6178486055776893,0.12356972111553785
4,710,1090,1.8052949744665967,0.6175298804780877,0.12350597609561753
5,710,1110,1.8474357317000492,0.616414342629482,0.1232828685258964
6,680,1100,1.791715861816677,0.6175298804780877,0.12350597609561753
7,680,1120,1.8750805083833257,0.6173705179282869,0.12347410358565739
8,700,1120,1.8725608234999527,0.6170517928286853,0.12341035856573705
