id,k,alpha,time,acc,score
1,500,1100,1.8120297120333513,0.6175298804780877,0.12350597609561753
2,490,1090,1.788410367733377,0.617211155378486,0.12344223107569721
3,490,1110,1.8358988679333075,0.616414342629482,0.1232828685258964
4,510,1090,1.78364873545003,0.6159362549800796,0.12318725099601593
5,510,1110,1.8353156240333193,0.6159362549800796,0.12318725099601593
