id,k,alpha,time,acc,score
1,1100,1100,1.8333468427333477,0.6264541832669323,0.12529083665338644
2,1090,1090,1.818662571266638,0.627410358565737,0.1254820717131474
3,1090,1110,1.8472867531167139,0.6270916334661355,0.1254183266932271
4,1110,1090,1.804628578733415,0.6285258964143426,0.12570517928286853
5,1110,1110,1.8500645344833173,0.6285258964143426,0.12570517928286853
6,1100,1120,1.8290607655499722,0.6261354581673306,0.12522709163346613
7,1120,1100,1.8285732052332606,0.627410358565737,0.1254820717131474
8,1120,1120,1.8338140067166628,0.6262948207171315,0.1252589641434263
