id,k,alpha,time,acc,score
1,900,700,1.0650402350000756,0.6269322709163346,0.12538645418326694
2,890,690,1.0936752952333335,0.6254980079681275,0.1250996015936255
3,890,710,1.1041760251666952,0.6277290836653386,0.12554581673306772
4,910,690,1.0745808792666744,0.6264541832669323,0.12529083665338644
5,910,710,1.0980771184667295,0.6261354581673306,0.12522709163346613
6,880,700,1.0585420003999995,0.6264541832669323,0.12529083665338644
7,880,720,1.139962175733308,0.6251792828685259,0.12503585657370517
8,900,720,1.1429634184166693,0.6264541832669323,0.12529083665338644
