id,k,alpha,time,acc,score
1,1600,700,1.1062565337332975,0.6447808764940239,0.1289561752988048
2,1590,690,1.0827539735165677,0.6443027888446216,0.1288605577689243
3,1590,710,1.1148290805833918,0.6430278884462152,0.12860557768924302
4,1610,690,1.0826383994666684,0.6455776892430279,0.12911553784860558
5,1610,710,1.1133115303666272,0.6444621513944223,0.12889243027888447
6,1600,680,1.0631372718167162,0.6449402390438247,0.12898804780876494
7,1620,680,1.0529006787832864,0.6452589641434263,0.12905179282868526
8,1620,700,1.0952343877499515,0.6454183266932271,0.1290836653386454
