id,k,alpha,time,acc,score
1,2000,500,0.7206297136166541,0.6594422310756972,0.13188844621513945
2,1990,490,0.7263957574667681,0.6591235059760956,0.1318247011952191
3,1990,510,0.7758414574998217,0.6592828685258965,0.13185657370517928
4,2010,490,0.7251693798833003,0.6594422310756972,0.13188844621513945
5,2010,510,0.7820990361998459,0.659601593625498,0.1319203187250996
6,2000,520,0.7928189093501714,0.659601593625498,0.1319203187250996
7,2020,500,0.7205308115834972,0.6581673306772908,0.13163346613545818
8,2020,520,0.7855214051667038,0.6584860557768925,0.1316972111553785
