id,k,alpha,time,acc,score
1,1500,900,1.46820233010003,0.6430278884462152,0.12860557768924302
2,1490,890,1.452952001366551,0.6415936254980079,0.12831872509960157
3,1490,910,1.5258187357833473,0.6425498007968128,0.12850996015936256
4,1510,890,1.442287305383555,0.6419123505976095,0.12838247011952192
5,1510,910,1.503463685450212,0.6403187250996016,0.12806374501992032
