id,k,alpha,time,acc,score
1,800,1100,1.8367257321999204,0.617211155378486,0.12344223107569721
2,790,1090,1.7786450418333213,0.6178486055776893,0.12356972111553785
3,790,1110,1.842953909016675,0.618804780876494,0.12376095617529881
4,810,1090,1.778171249216636,0.6159362549800796,0.12318725099601593
5,810,1110,1.8249195265000404,0.6162549800796813,0.12325099601593625
6,780,1100,1.8265812319833155,0.6175298804780877,0.12350597609561753
7,780,1120,1.8456174268999652,0.6167330677290837,0.12334661354581673
8,800,1120,1.8459324995834323,0.6154581673306773,0.12309163346613546
