id,k,alpha,time,acc,score
1,700,800,1.2567994949833519,0.622788844621514,0.12455776892430279
2,690,790,1.2597364454999478,0.6216733067729083,0.12433466135458167
3,690,810,1.2799217802166822,0.6203984063745019,0.12407968127490039
4,710,790,1.2575644010834366,0.6218326693227092,0.12436653386454184
5,710,810,1.2729636206500194,0.6223107569721116,0.12446215139442232
