id,k,alpha,time,acc,score
1,1200,1100,1.8377997894333626,0.6285258964143426,0.12570517928286853
2,1190,1090,1.831972465183329,0.6266135458167331,0.12532270916334662
3,1190,1110,1.86182965863336,0.6275697211155379,0.12551394422310758
4,1210,1090,1.8290255050833366,0.6286852589641434,0.12573705179282868
5,1210,1110,1.8406086241999826,0.6283665338645419,0.1256733067729084
6,1200,1080,1.8021180177832623,0.628207171314741,0.12564143426294822
7,1220,1080,1.78857867100002,0.6275697211155379,0.12551394422310758
8,1220,1100,1.8334990868500123,0.6286852589641434,0.12573705179282868
