id,k,alpha,time,acc,score
1,600,1100,1.805686729583249,0.6160956175298805,0.12321912350597611
2,590,1090,1.8227725544666706,0.6156175298804781,0.12312350597609563
3,590,1110,1.8309155273333697,0.6154581673306773,0.12309163346613546
4,610,1090,1.8070538052500826,0.6146613545816733,0.12293227091633466
5,610,1110,1.8180360733333751,0.6137051792828685,0.1227410358565737
