id,k,alpha,time,acc,score
1,1200,800,1.2763541167000463,0.6304382470119522,0.12608764940239042
2,1190,790,1.2811139224332388,0.630597609561753,0.1261195219123506
3,1190,810,1.3114150988166027,0.628207171314741,0.12564143426294822
4,1210,790,1.2634986736166562,0.6304382470119522,0.12608764940239042
5,1210,810,1.3123916382501193,0.6313944223107569,0.12627888446215138
6,1200,820,1.3091336910498892,0.6301195219123505,0.1260239043824701
7,1220,800,1.2609169216501566,0.6312350597609562,0.12624701195219123
8,1220,820,1.299329801149967,0.6310756972111554,0.1262151394422311
