id,k,alpha,time,acc,score
1,500,800,1.266656163116689,0.6208764940239044,0.12417529880478088
2,490,790,1.2336775586500153,0.6200796812749004,0.12401593625498009
3,490,810,1.2774376720666623,0.6191235059760957,0.12382470119521913
4,510,790,1.2271198453000276,0.6229482071713147,0.12458964143426295
5,510,810,1.2669114409833129,0.6199203187250996,0.12398406374501991
6,500,780,1.2158540209666777,0.6205577689243028,0.12411155378486056
7,520,780,1.213156267866604,0.6216733067729083,0.12433466135458167
8,520,800,1.2597629031499915,0.6207171314741036,0.12414342629482071
