id,k,alpha,time,acc,score
1,400,1000,1.6138814414833178,0.6175298804780877,0.12350597609561753
2,390,990,1.6231956938499934,0.6199203187250996,0.12398406374501991
3,390,1010,1.6553073571500136,0.6184860557768924,0.12369721115537849
4,410,990,1.6254402031000306,0.6191235059760957,0.12382470119521913
5,410,1010,1.6545529750166679,0.6175298804780877,0.12350597609561753
6,380,980,1.5900334045000515,0.6178486055776893,0.12356972111553785
7,380,1000,1.6035721744499825,0.6184860557768924,0.12369721115537849
8,400,980,1.5676312722499763,0.6186454183266932,0.12372908366533864
