id,k,alpha,time,acc,score
1,1100,600,0.9184798912500507,0.6326693227091633,0.12653386454183266
2,1090,590,0.8946203868999874,0.6313944223107569,0.12627888446215138
3,1090,610,0.9169684635499531,0.6317131474103586,0.1263426294820717
4,1110,590,0.8815340583333939,0.6342629482071713,0.12685258964143425
5,1110,610,0.9182913781334112,0.6331474103585657,0.12662948207171315
6,1100,580,0.8565369743000095,0.6304382470119522,0.12608764940239042
7,1120,580,0.8562304900833018,0.6329880478087649,0.12659760956175298
8,1120,600,0.9167230080999919,0.6321912350597609,0.1264382470119522
