id,k,alpha,time,acc,score
1,1000,900,1.4564053535666366,0.6258167330677291,0.12516334661354583
2,990,890,1.452817741083345,0.6253386454183267,0.12506772908366534
3,990,910,1.500691949699952,0.6247011952191235,0.1249402390438247
4,1010,890,1.4495866620833113,0.6258167330677291,0.12516334661354583
5,1010,910,1.4786859639333367,0.6253386454183267,0.12506772908366534
