id,k,alpha,time,acc,score
1,1900,600,0.9336346379832927,0.6581673306772908,0.13163346613545818
2,1890,590,0.9004802671166544,0.6588047808764941,0.13176095617529882
3,1890,610,0.9387577433333111,0.659601593625498,0.1319203187250996
4,1910,590,0.893383359216629,0.6589641434262948,0.13179282868525896
5,1910,610,0.9463310368167489,0.659601593625498,0.1319203187250996
6,1900,620,0.9526556983832658,0.6591235059760956,0.1318247011952191
7,1920,600,0.92752413240014,0.6576892430278884,0.13153784860557768
8,1920,620,0.9480632258001909,0.6588047808764941,0.13176095617529882
