id,k,alpha,time,acc,score
1,1800,500,0.7297921463000724,0.6560956175298804,0.1312191235059761
2,1790,490,0.7083147612167522,0.6554581673306773,0.13109163346613545
3,1790,510,0.7428594509833298,0.6545019920318725,0.13090039840637452
4,1810,490,0.7051458678834024,0.6589641434262948,0.13179282868525896
5,1810,510,0.7463975810998817,0.6564143426294821,0.1312828685258964
6,1800,480,0.6909823421832698,0.6560956175298804,0.1312191235059761
7,1820,480,0.687317368316629,0.6570517928286853,0.13141035856573707
8,1820,500,0.7234674249331874,0.6575298804780877,0.13150597609561754
