id,k,alpha,time,acc,score
1,800,500,0.7128964730499623,0.6288446215139443,0.12576892430278885
2,790,490,0.6868877223999638,0.6275697211155379,0.12551394422310758
3,790,510,0.7263590513666713,0.6272509960159363,0.12545019920318726
4,810,490,0.6892997619834205,0.6294820717131474,0.1258964143426295
5,810,510,0.7206804983000136,0.6301195219123505,0.1260239043824701
6,800,520,0.7425172582999948,0.6293227091633466,0.12586454183266932
7,820,500,0.7091668695666158,0.629800796812749,0.1259601593625498
8,820,520,0.7404743322833383,0.6286852589641434,0.12573705179282868
