id,k,alpha,time,acc,score
1,200,600,0.9078853409333533,0.6404780876494024,0.12809561752988047
2,190,590,0.8891003610666303,0.6409561752988048,0.12819123505976096
3,190,610,0.9033840379999674,0.6411155378486055,0.1282231075697211
4,210,590,0.8933864039499895,0.6380876494023905,0.1276175298804781
5,210,610,0.8919052632833578,0.6363346613545817,0.12726693227091634
6,180,600,0.9048287458333409,0.6390438247011953,0.12780876494023904
7,180,620,0.916900468166629,0.6396812749003984,0.12793625498007968
8,200,620,0.9138912407166572,0.6395219123505976,0.12790438247011954
