id,k,alpha,time,acc,score
1,400,600,0.8875313575999826,0.6312350597609562,0.12624701195219123
2,390,590,0.8743526419333042,0.6328286852589642,0.12656573705179283
3,390,610,0.9238393376832997,0.6321912350597609,0.1264382470119522
4,410,590,0.868136803999975,0.6331474103585657,0.12662948207171315
5,410,610,0.9207431844666644,0.6325099601593626,0.1265019920318725
6,400,580,0.8532078972499827,0.6323505976095618,0.12647011952191237
7,420,580,0.8492346921999948,0.630597609561753,0.1261195219123506
8,420,600,0.889549914566669,0.6299601593625498,0.12599203187250996
