id,k,alpha,time,acc,score
1,1500,700,1.1067435218331714,0.6431872509960159,0.1286374501992032
2,1490,690,1.095990408499832,0.6412749003984064,0.12825498007968128
3,1490,710,1.1185937013166647,0.6414342629482072,0.12828685258964143
4,1510,690,1.1089440137834268,0.6406374501992032,0.12812749003984064
5,1510,710,1.1102094109165288,0.6406374501992032,0.12812749003984064
