id,k,alpha,time,acc,score
1,300,700,1.0672394522500326,0.6333067729083666,0.12666135458167332
2,290,690,1.061992522566652,0.6356972111553785,0.1271394422310757
3,290,710,1.0661914394166767,0.6333067729083666,0.12666135458167332
4,310,690,1.0660645026999798,0.6328286852589642,0.12656573705179283
5,310,710,1.0572145410333178,0.6321912350597609,0.1264382470119522
6,280,680,1.0310908375333383,0.6347410358565737,0.12694820717131475
7,280,700,1.0567269927666834,0.6347410358565737,0.12694820717131475
8,300,680,1.0248677746999724,0.6328286852589642,0.12656573705179283
