id,k,alpha,time,acc,score
1,1700,800,1.2483190002666864,0.6492430278884462,0.12984860557768924
2,1690,790,1.230824245466647,0.6474900398406375,0.1294980079681275
3,1690,810,1.2793472793833645,0.6482868525896415,0.1296573705179283
4,1710,790,1.2634496462000242,0.6479681274900398,0.12959362549800796
5,1710,810,1.2809332744832014,0.6489243027888446,0.12978486055776892
