id,k,alpha,time,acc,score
1,600,800,1.2354398849166803,0.6203984063745019,0.12407968127490039
2,590,790,1.2419485061499775,0.6200796812749004,0.12401593625498009
3,590,810,1.2971638660833074,0.6200796812749004,0.12401593625498009
4,610,790,1.2338736747333314,0.6210358565737052,0.12420717131474104
5,610,810,1.3013483979166873,0.6218326693227092,0.12436653386454184
6,600,820,1.2910404121166115,0.6208764940239044,0.12417529880478088
7,620,800,1.2263684214833726,0.6200796812749004,0.12401593625498009
8,620,820,1.2888892849499825,0.6191235059760957,0.12382470119521913
