id,k,alpha,time,acc,score
1,300,900,1.427462009033358,0.6286852589641434,0.12573705179282868
2,290,890,1.4127922747832902,0.6296414342629482,0.12592828685258964
3,290,910,1.4223108098666368,0.629003984063745,0.125800796812749
4,310,890,1.403210566333352,0.6278884462151394,0.12557768924302787
5,310,910,1.418481642116664,0.6264541832669323,0.12529083665338644
6,280,880,1.4138336875333455,0.6285258964143426,0.12570517928286853
7,280,900,1.422303587633299,0.6291633466135458,0.12583266932270915
8,300,880,1.402361570083364,0.6286852589641434,0.12573705179282868
