id,k,alpha,time,acc,score
1,700,700,1.0636668055500196,0.62199203187251,0.12439840637450199
2,690,690,1.0641772385667234,0.6234262948207171,0.12468525896414343
3,690,710,1.094550697800029,0.6207171314741036,0.12414342629482071
4,710,690,1.0509152572832439,0.6215139442231076,0.12430278884462151
5,710,710,1.0880828705999497,0.6240637450199203,0.12481274900398406
6,700,720,1.1090859066500949,0.6234262948207171,0.12468525896414343
7,720,700,1.056717378283429,0.6223107569721116,0.12446215139442232
8,720,720,1.109913066100004,0.6216733067729083,0.12433466135458167
