id,k,alpha,time,acc,score
1,1900,700,1.1014327378999345,0.6599203187250996,0.13198406374501992
2,1890,690,1.1202717222001715,0.6607171314741036,0.13214342629482073
3,1890,710,1.1175952432332754,0.6607171314741036,0.13214342629482073
4,1910,690,1.114551044000109,0.6615139442231076,0.13230278884462152
5,1910,710,1.108202030983375,0.6616733067729084,0.13233466135458166
6,1900,720,1.158267343633391,0.660398406374502,0.13207968127490038
7,1920,700,1.1061513420832247,0.6602390438247012,0.13204780876494024
8,1920,720,1.167978791849843,0.659601593625498,0.1319203187250996
