id,k,alpha,time,acc,score
1,1400,1100,1.8390223919333948,0.638406374501992,0.1276812749003984
2,1390,1090,1.8562191089666158,0.6363346613545817,0.12726693227091634
3,1390,1110,1.858393859949865,0.638406374501992,0.1276812749003984
4,1410,1090,1.8417066812832976,0.6377689243027889,0.12755378486055777
5,1410,1110,1.846973247683248,0.637609561752988,0.1275219123505976
