id,k,alpha,time,acc,score
1,1000,1100,1.835286442900057,0.6234262948207171,0.12468525896414343
2,990,1090,1.840167447233398,0.622788844621514,0.12455776892430279
3,990,1110,1.8701730885500487,0.623585657370518,0.1247171314741036
4,1010,1090,1.8347411497500918,0.6218326693227092,0.12436653386454184
5,1010,1110,1.8494190512999922,0.6200796812749004,0.12401593625498009
6,980,1100,1.8164453451333733,0.6223107569721116,0.12446215139442232
7,980,1120,1.8524762254333231,0.6221513944223107,0.12443027888446215
8,1000,1120,1.84801024828339,0.6216733067729083,0.12433466135458167
