id,k,alpha,time,acc,score
1,600,1000,1.6279818981166803,0.616414342629482,0.1232828685258964
2,590,990,1.6020365169667155,0.6156175298804781,0.12312350597609563
3,590,1010,1.6575546948999544,0.6149800796812749,0.12299601593625498
4,610,990,1.6002077599332551,0.6167330677290837,0.12334661354581673
5,610,1010,1.6468531061166383,0.6145019920318725,0.1229003984063745
6,600,980,1.5939526858333315,0.6156175298804781,0.12312350597609563
7,620,980,1.5858928212999066,0.6160956175298805,0.12321912350597611
8,620,1000,1.6123122080499646,0.6151394422310758,0.12302788844621515
