id,k,alpha,time,acc,score
1,2000,600,0.9248119837500174,0.6613545816733067,0.13227091633466134
2,1990,590,0.9048975975335148,0.6581673306772908,0.13163346613545818
3,1990,610,0.9417873217331362,0.6599203187250996,0.13198406374501992
4,2010,590,0.9125616295001236,0.6584860557768925,0.1316972111553785
5,2010,610,0.9202922479331997,0.6605577689243027,0.13211155378486056
