id,k,alpha,time,acc,score
1,2000,1000,1.6105655930334857,0.6605577689243027,0.13211155378486056
2,1990,990,1.5941400107833033,0.661195219123506,0.1322390438247012
3,1990,1010,1.7003196702166556,0.661195219123506,0.1322390438247012
4,2010,990,1.633369560433251,0.6616733067729084,0.13233466135458166
5,2010,1010,1.6964741924668487,0.6626294820717131,0.13252589641434262
6,2000,1020,1.7207705426165678,0.6599203187250996,0.13198406374501992
7,2020,1000,1.6291835235334777,0.6613545816733067,0.13227091633466134
8,2020,1020,1.7173564102832946,0.6607171314741036,0.13214342629482073
