id,k,alpha,time,acc,score
1,1400,800,1.2753852502833374,0.6350597609561753,0.12701195219123507
2,1390,790,1.235351702133145,0.6366533864541832,0.12733067729083664
3,1390,810,1.3050862997501098,0.6355378486055777,0.12710756972111553
4,1410,790,1.2414003331500376,0.6371314741035856,0.12742629482071713
5,1410,810,1.3011103117833651,0.6374501992031872,0.12749003984063745
6,1400,820,1.3243011715332007,0.6369721115537849,0.12739442231075698
7,1420,800,1.2736232812999029,0.6360159362549801,0.12720318725099602
8,1420,820,1.321674884816457,0.6358565737051792,0.12717131474103585
