id,k,alpha,time,acc,score
1,1900,800,1.2448864938499657,0.6610358565737052,0.13220717131474105
2,1890,790,1.2631797166667336,0.661195219123506,0.1322390438247012
3,1890,810,1.3043357482332794,0.660398406374502,0.13207968127490038
4,1910,790,1.2634784822832443,0.6602390438247012,0.13204780876494024
5,1910,810,1.2929575933999635,0.6610358565737052,0.13220717131474105
6,1880,780,1.2404262489498554,0.6605577689243027,0.13211155378486056
7,1880,800,1.2326343552165782,0.6594422310756972,0.13188844621513945
8,1900,780,1.2282752739665739,0.6594422310756972,0.13188844621513945
