id,k,alpha,time,acc,score
1,2000,1100,1.8853986255501998,0.6626294820717131,0.13252589641434262
2,1990,1090,1.8384620748666445,0.661195219123506,0.1322390438247012
3,1990,1110,1.853930266716634,0.6605577689243027,0.13211155378486056
4,2010,1090,1.813050619583373,0.66199203187251,0.132398406374502
5,2010,1110,1.8390905995666496,0.6626294820717131,0.13252589641434262
