id,k,alpha,time,acc,score
1,1000,500,0.7216186221667158,0.6318725099601593,0.12637450199203187
2,990,490,0.7067427033166799,0.6315537848605578,0.12631075697211155
3,990,510,0.7447172003333739,0.6301195219123505,0.1260239043824701
4,1010,490,0.7122386424500291,0.6299601593625498,0.12599203187250996
5,1010,510,0.7481548790833282,0.6333067729083666,0.12666135458167332
6,1000,520,0.7552731151667104,0.6310756972111554,0.1262151394422311
7,1020,500,0.7211751533999632,0.6307569721115538,0.12615139442231077
8,1020,520,0.7430034913667138,0.6309163346613545,0.12618326693227092
