id,k,alpha,time,acc,score
1,1620,540,0.015174174300000232,0.65,0.13
2,1618,538,0.014722785500000175,0.65,0.13
3,1618,542,0.015109615700000252,0.65,0.13
4,1622,538,0.011948290783333466,0.65,0.13
5,1622,542,0.012153657899999833,0.66,0.132
6,1620,544,0.015099546750000551,0.64,0.128
7,1624,540,0.01174439990000072,0.66,0.132
8,1624,544,0.011984635750000432,0.65,0.13
