id,k,alpha,time,acc,score
1,1645,540,0.015210605233333278,0.65,0.13
2,1643,538,0.015093983099999757,0.63,0.126
3,1643,542,0.01508196736666605,0.63,0.126
4,1647,538,0.012706095150000844,0.64,0.128
5,1647,542,0.012444880650000793,0.63,0.126
