id,k,alpha,time,acc,score
1,1645,520,0.014260879750001247,0.64,0.128
2,1643,518,0.014732274433333714,0.65,0.13
3,1643,522,0.013985507816666616,0.65,0.13
4,1647,518,0.01252696348333302,0.65,0.13
5,1647,522,0.011725866916666898,0.65,0.13
6,1645,524,0.014873726633334172,0.65,0.13
7,1649,520,0.01208066818333388,0.65,0.13
8,1649,524,0.011852506066668411,0.65,0.13
