id,k,alpha,time,acc,score
1,1635,500,0.013954714433333492,0.64,0.128
2,1633,498,0.014108386733334062,0.63,0.126
3,1633,502,0.013341162349999536,0.64,0.128
4,1637,498,0.010816448566666281,0.65,0.13
5,1637,502,0.011510031600000541,0.64,0.128
6,1635,496,0.013408701233332938,0.63,0.126
7,1639,496,0.010729773283333088,0.63,0.126
8,1639,500,0.011071739266666707,0.64,0.128
