id,k,alpha,time,acc,score
1,1620,490,0.013473348116666747,0.65,0.13
2,1618,488,0.013186783750000094,0.65,0.13
3,1618,492,0.013481425966666431,0.65,0.13
4,1622,488,0.011033422400000365,0.65,0.13
5,1622,492,0.011187395416665897,0.65,0.13
