id,k,alpha,time,acc,score
1,1630,520,0.01403361908333333,0.65,0.13
2,1628,518,0.013745194183333828,0.67,0.134
3,1628,522,0.014626433933332805,0.66,0.132
4,1632,518,0.01174222670000044,0.66,0.132
5,1632,522,0.012021819333332929,0.65,0.13
6,1626,516,0.013233070983333543,0.65,0.13
7,1626,520,0.012652480416665906,0.66,0.132
8,1630,516,0.011841616816666563,0.66,0.132
