id,k,alpha,time,acc,score
1,1640,460,0.012761821883333368,0.67,0.134
2,1638,458,0.012956589633333238,0.67,0.134
3,1638,462,0.011912043916666448,0.67,0.134
4,1642,458,0.010685979599999958,0.67,0.134
5,1642,462,0.010040448883333396,0.66,0.132
