id,k,alpha,time,acc,score
1,1605,460,0.012442946216666684,0.67,0.134
2,1603,458,0.012094802549999884,0.66,0.132
3,1603,462,0.012493806666666529,0.65,0.13
4,1607,458,0.009952470483333305,0.66,0.132
5,1607,462,0.010236084466666759,0.66,0.132
