id,k,alpha,time,acc,score
1,1635,520,0.014079406116667314,0.65,0.13
2,1633,518,0.014276894300000247,0.65,0.13
3,1633,522,0.014322417383333648,0.65,0.13
4,1637,518,0.01135723940000067,0.65,0.13
5,1637,522,0.012225325066666907,0.65,0.13
