id,k,alpha,time,acc,score
1,1620,530,0.015067569183332807,0.66,0.132
2,1618,528,0.014399069499999466,0.66,0.132
3,1618,532,0.014648041283333175,0.65,0.13
4,1622,528,0.012049676600000225,0.66,0.132
5,1622,532,0.012896298649999948,0.65,0.13
