id,k,alpha,time,acc,score
1,1650,510,0.013952266616666976,0.65,0.13
2,1648,508,0.013553503133332848,0.65,0.13
3,1648,512,0.014493833633332542,0.65,0.13
4,1652,508,0.011852590099999815,0.65,0.13
5,1652,512,0.01174168590000022,0.65,0.13
