id,k,alpha,time,acc,score
1,1620,450,0.011906806816666915,0.67,0.134
2,1618,448,0.01162209781666661,0.67,0.134
3,1618,452,0.012653730383333558,0.67,0.134
4,1622,448,0.009497787116666719,0.67,0.134
5,1622,452,0.010328043433333297,0.67,0.134
