id,k,alpha,time,acc,score
1,1605,450,0.012531890783333447,0.66,0.132
2,1603,448,0.011682074349999993,0.66,0.132
3,1603,452,0.01241592856666666,0.66,0.132
4,1607,448,0.009835176116666606,0.66,0.132
5,1607,452,0.01001964476666662,0.66,0.132
