id,k,alpha,time,acc,score
1,2000,950,1.5482069500004096,0.662788844621514,0.1325577689243028
2,1995,945,1.5648507947000325,0.6615139442231076,0.13230278884462152
3,1995,955,1.578988468350144,0.66199203187251,0.132398406374502
4,2005,945,1.5525747709999753,0.6621513944223107,0.13243027888446215
5,2005,955,1.5740025333332597,0.6607171314741036,0.13214342629482073
