id,k,alpha,time,acc,score
1,2000,775,1.2419384306000818,0.6618326693227091,0.13236653386454184
2,1995,770,1.2216537384665571,0.6632669322709164,0.1326533864541833
3,1995,780,1.260144512950016,0.661195219123506,0.1322390438247012
4,2005,770,1.2133130184166172,0.6626294820717131,0.13252589641434262
5,2005,780,1.2540218968662278,0.6642231075697211,0.13284462151394422
6,2000,785,1.2467898868499712,0.662788844621514,0.1325577689243028
7,2010,775,1.2425989301331961,0.6637450199203188,0.13274900398406375
8,2010,785,1.2462345788332945,0.6624701195219124,0.13249402390438247
