id,k,alpha,time,acc,score
1,2060,550,0.8231747827332583,0.6586454183266932,0.13172908366533864
2,2055,545,0.8029373691499738,0.6597609561752988,0.13195219123505977
3,2055,555,0.839711429849558,0.6613545816733067,0.13227091633466134
4,2065,545,0.8036068572497849,0.6588047808764941,0.13176095617529882
5,2065,555,0.8467247868000414,0.6600796812749004,0.13201593625498007
6,2050,550,0.8415911116671244,0.6586454183266932,0.13172908366533864
7,2050,560,0.8492254052330585,0.6591235059760956,0.1318247011952191
8,2060,560,0.8426888742333782,0.6597609561752988,0.13195219123505977
