id,k,alpha,time,acc,score
1,1900,975,1.6235578394834496,0.6621513944223107,0.13243027888446215
2,1895,970,1.6034415217334754,0.6621513944223107,0.13243027888446215
3,1895,980,1.633147575949988,0.6605577689243027,0.13211155378486056
4,1905,970,1.5954135935334004,0.6615139442231076,0.13230278884462152
5,1905,980,1.6227335481501843,0.6613545816733067,0.13227091633466134
