id,k,alpha,time,acc,score
1,2060,500,0.7343313496836344,0.6592828685258965,0.13185657370517928
2,2055,495,0.7254363187001824,0.659601593625498,0.1319203187250996
3,2055,505,0.7590757947837119,0.6615139442231076,0.13230278884462152
4,2065,495,0.7201357114167574,0.6581673306772908,0.13163346613545818
5,2065,505,0.7548882382330097,0.6580079681274901,0.131601593625498
6,2050,500,0.7281802022499808,0.6605577689243027,0.13211155378486056
7,2050,510,0.764204242467046,0.661195219123506,0.1322390438247012
8,2060,510,0.7572890902166061,0.6597609561752988,0.13195219123505977
