id,k,alpha,time,acc,score
1,2040,525,0.7940741704335476,0.660398406374502,0.13207968127490038
2,2035,520,0.7823707357500098,0.6591235059760956,0.1318247011952191
3,2035,530,0.7932729214002999,0.6607171314741036,0.13214342629482073
4,2045,520,0.7718623720667286,0.6600796812749004,0.13201593625498007
5,2045,530,0.7898307489502865,0.6605577689243027,0.13211155378486056
6,2030,525,0.7911019428667108,0.659601593625498,0.1319203187250996
7,2030,535,0.8087727846335232,0.6589641434262948,0.13179282868525896
8,2040,535,0.8077462636332106,0.6600796812749004,0.13201593625498007
