id,k,alpha,time,acc,score
1,1980,925,1.5221526300830495,0.6613545816733067,0.13227091633466134
2,1975,920,1.5188789851502709,0.660398406374502,0.13207968127490038
3,1975,930,1.5258449048667293,0.6597609561752988,0.13195219123505977
4,1985,920,1.5141623276169411,0.6610358565737052,0.13220717131474105
5,1985,930,1.5137539658836128,0.6632669322709164,0.1326533864541833
6,1980,935,1.5582086176999534,0.6605577689243027,0.13211155378486056
7,1990,925,1.525940306383321,0.6616733067729084,0.13233466135458166
8,1990,935,1.5542382631504248,0.6626294820717131,0.13252589641434262
