id,k,alpha,time,acc,score
1,2000,1000,1.6977080294668363,0.6605577689243027,0.13211155378486056
2,1995,995,1.6320387703502395,0.6616733067729084,0.13233466135458166
3,1995,1005,1.6615028827499676,0.6605577689243027,0.13211155378486056
4,2005,995,1.6228098268834097,0.6610358565737052,0.13220717131474105
5,2005,1005,1.654339985383558,0.661195219123506,0.1322390438247012
6,1990,990,1.6416685295834517,0.661195219123506,0.1322390438247012
7,1990,1000,1.6888781006336406,0.661195219123506,0.1322390438247012
8,2000,990,1.6287386679837559,0.6610358565737052,0.13220717131474105
