id,k,alpha,time,acc,score
1,1960,975,1.6179702008999206,0.6597609561752988,0.13195219123505977
2,1955,970,1.6039849765167067,0.6605577689243027,0.13211155378486056
3,1955,980,1.6305464714666111,0.6600796812749004,0.13201593625498007
4,1965,970,1.6001422579000064,0.6602390438247012,0.13204780876494024
5,1965,980,1.6089547524832597,0.6602390438247012,0.13204780876494024
6,1950,965,1.6051647422997728,0.6594422310756972,0.13188844621513945
7,1950,975,1.6129513020833353,0.6600796812749004,0.13201593625498007
8,1960,965,1.6075442080499973,0.659601593625498,0.1319203187250996
