id,k,alpha,time,acc,score
1,1820,700,1.1096458437166803,0.6568924302788844,0.1313784860557769
2,1815,695,1.1066991605500032,0.654820717131474,0.1309641434262948
3,1815,705,1.1297427649499998,0.6540239043824702,0.13080478087649403
4,1825,695,1.1037592218666759,0.6573705179282868,0.13147410358565736
5,1825,705,1.1197928088500098,0.6573705179282868,0.13147410358565736
6,1820,710,1.1366669945833565,0.654820717131474,0.1309641434262948
7,1830,700,1.0967689260833746,0.6562549800796813,0.13125099601593626
8,1830,710,1.1267303908332906,0.6559362549800797,0.13118725099601594
