id,k,alpha,time,acc,score
1,1820,550,0.8062131550166669,0.6576892430278884,0.13153784860557768
2,1815,545,0.8207971577500454,0.6559362549800797,0.13118725099601594
3,1815,555,0.8226522888833643,0.6584860557768925,0.1316972111553785
4,1825,545,0.8167856497666435,0.6573705179282868,0.13147410358565736
5,1825,555,0.8185007877166451,0.6556175298804781,0.13112350597609562
6,1810,550,0.8083268449499883,0.6578486055776892,0.13156972111553783
7,1810,560,0.8431812086332987,0.6578486055776892,0.13156972111553783
8,1820,560,0.8415739020500042,0.6575298804780877,0.13150597609561754
