id,k,alpha,time,acc,score
1,2060,700,1.109379916866601,0.6616733067729084,0.13233466135458166
2,2055,695,1.086974342216854,0.662788844621514,0.1325577689243028
3,2055,705,1.0972822660497816,0.6613545816733067,0.13227091633466134
4,2065,695,1.088426546633127,0.6648605577689243,0.13297211155378486
5,2065,705,1.0759157758497166,0.6643824701195219,0.1328764940239044
6,2060,690,1.056817637749676,0.6621513944223107,0.13243027888446215
7,2070,690,1.0524977065166847,0.6639043824701195,0.1327808764940239
8,2070,700,1.107584557416461,0.6639043824701195,0.1327808764940239
