id,k,alpha,time,acc,score
1,1880,600,0.8945896836833224,0.6586454183266932,0.13172908366533864
2,1875,595,0.8991883602499001,0.6600796812749004,0.13201593625498007
3,1875,605,0.918491483266674,0.6599203187250996,0.13198406374501992
4,1885,595,0.9023007678166323,0.659601593625498,0.1319203187250996
5,1885,605,0.9140169956500661,0.659601593625498,0.1319203187250996
6,1870,590,0.903824374316658,0.6560956175298804,0.1312191235059761
7,1870,600,0.8918506243498996,0.6583266932270916,0.13166533864541832
8,1880,590,0.909792733583284,0.659601593625498,0.1319203187250996
