id,k,alpha,time,acc,score
1,1900,950,1.57110120628325,0.6621513944223107,0.13243027888446215
2,1895,945,1.5551543235167629,0.6616733067729084,0.13233466135458166
3,1895,955,1.58029199458324,0.6626294820717131,0.13252589641434262
4,1905,945,1.5539790371333462,0.66199203187251,0.132398406374502
5,1905,955,1.5766312241001288,0.6608764940239044,0.13217529880478088
6,1890,950,1.5622666603667312,0.6615139442231076,0.13230278884462152
7,1890,960,1.5799072723665935,0.661195219123506,0.1322390438247012
8,1900,960,1.5736376623501807,0.6616733067729084,0.13233466135458166
