id,k,alpha,time,acc,score
1,2080,1000,1.695497713983059,0.6615139442231076,0.13230278884462152
2,2075,995,1.6707035865833555,0.6624701195219124,0.13249402390438247
3,2075,1005,1.7103651760500118,0.6615139442231076,0.13230278884462152
4,2085,995,1.6633759164833464,0.6621513944223107,0.13243027888446215
5,2085,1005,1.6992628988834138,0.6629482071713148,0.13258964143426294
6,2080,1010,1.6840762730833376,0.6610358565737052,0.13220717131474105
7,2090,1000,1.6992743243502142,0.6616733067729084,0.13233466135458166
8,2090,1010,1.6866387450165348,0.6624701195219124,0.13249402390438247
