id,k,alpha,time,acc,score
1,1800,975,1.6109925449333484,0.6545019920318725,0.13090039840637452
2,1795,970,1.6048635080499782,0.6530677290836654,0.13061354581673307
3,1795,980,1.6236089209499975,0.6527490039840638,0.13054980079681275
4,1805,970,1.5971626686833285,0.654820717131474,0.1309641434262948
5,1805,980,1.6183072988666634,0.6562549800796813,0.13125099601593626
6,1800,985,1.6138942381333437,0.6535458167330678,0.13070916334661356
7,1810,975,1.607512784533325,0.654820717131474,0.1309641434262948
8,1810,985,1.600587425366666,0.654820717131474,0.1309641434262948
