id,k,alpha,time,acc,score
1,1880,1000,1.6588927088666727,0.659601593625498,0.1319203187250996
2,1875,995,1.6546065388334683,0.6600796812749004,0.13201593625498007
3,1875,1005,1.65570702089996,0.6584860557768925,0.1316972111553785
4,1885,995,1.6559237845831376,0.661195219123506,0.1322390438247012
5,1885,1005,1.657718209766608,0.6600796812749004,0.13201593625498007
6,1880,990,1.6406938351666516,0.6597609561752988,0.13195219123505977
7,1890,990,1.638572518533571,0.6608764940239044,0.13217529880478088
8,1890,1000,1.66160569863326,0.6608764940239044,0.13217529880478088
