id,k,alpha,time,acc,score
1,1960,950,1.5444331808833036,0.6607171314741036,0.13214342629482073
2,1955,945,1.5597258110666492,0.6586454183266932,0.13172908366533864
3,1955,955,1.5902570575832216,0.6608764940239044,0.13217529880478088
4,1965,945,1.5492014236500835,0.6597609561752988,0.13195219123505977
5,1965,955,1.573041723366623,0.6605577689243027,0.13211155378486056
6,1950,950,1.54059478654987,0.6602390438247012,0.13204780876494024
7,1950,960,1.5632108225831567,0.6608764940239044,0.13217529880478088
8,1960,960,1.5535791503500755,0.660398406374502,0.13207968127490038
