id,k,alpha,time,acc,score
1,1940,550,0.830943326716806,0.6578486055776892,0.13156972111553783
2,1935,545,0.8064822951331735,0.6581673306772908,0.13163346613545818
3,1935,555,0.8402656395500041,0.6586454183266932,0.13172908366533864
4,1945,545,0.8022585440332477,0.659601593625498,0.1319203187250996
5,1945,555,0.8396784750834437,0.6592828685258965,0.13185657370517928
6,1940,540,0.8121817151666619,0.6586454183266932,0.13172908366533864
7,1950,540,0.8072401224167455,0.6589641434262948,0.13179282868525896
8,1950,550,0.8288192790333899,0.6586454183266932,0.13172908366533864
