id,k,alpha,time,acc,score
1,1860,625,0.9745595111167252,0.6570517928286853,0.13141035856573707
2,1855,620,0.9771366516166987,0.6578486055776892,0.13156972111553783
3,1855,630,0.9569693904333689,0.6578486055776892,0.13156972111553783
4,1865,620,0.9600103226166539,0.6581673306772908,0.13163346613545818
5,1865,630,0.9552858784999747,0.6599203187250996,0.13198406374501992
6,1860,635,0.9788942104166684,0.6599203187250996,0.13198406374501992
7,1870,625,0.983864813950034,0.6581673306772908,0.13163346613545818
8,1870,635,0.9808109519166465,0.6591235059760956,0.1318247011952191
