id,k,alpha,time,acc,score
1,2080,575,0.8795371251166216,0.6602390438247012,0.13204780876494024
2,2075,570,0.8543799691164168,0.6597609561752988,0.13195219123505977
3,2075,580,0.863027160767039,0.6602390438247012,0.13204780876494024
4,2085,570,0.8501227466666024,0.66199203187251,0.132398406374502
5,2085,580,0.8572869643666006,0.6613545816733067,0.13227091633466134
6,2080,565,0.8888832480835844,0.6592828685258965,0.13185657370517928
7,2090,565,0.8881100817835734,0.6615139442231076,0.13230278884462152
8,2090,575,0.8918524235666457,0.6608764940239044,0.13217529880478088
