id,k,alpha,time,acc,score
1,1860,600,0.8994866479667204,0.6584860557768925,0.1316972111553785
2,1855,595,0.9115563496333683,0.6583266932270916,0.13166533864541832
3,1855,605,0.9488135627500014,0.6573705179282868,0.13147410358565736
4,1865,595,0.9125618406667247,0.6576892430278884,0.13153784860557768
5,1865,605,0.9349646530833221,0.6578486055776892,0.13156972111553783
