id,k,alpha,time,acc,score
1,1820,900,1.479270973249974,0.6584860557768925,0.1316972111553785
2,1815,895,1.4688196046499797,0.6557768924302789,0.1311553784860558
3,1815,905,1.4766549857500044,0.6546613545816733,0.13093227091633466
4,1825,895,1.464215172799959,0.6576892430278884,0.13153784860557768
5,1825,905,1.4728441547333204,0.6573705179282868,0.13147410358565736
