id,k,alpha,time,acc,score
1,1820,650,1.0259784815333357,0.6578486055776892,0.13156972111553783
2,1815,645,0.9971910286833615,0.6572111553784861,0.13144223107569722
3,1815,655,1.0217430644333338,0.6562549800796813,0.13125099601593626
4,1825,645,0.9854089718333247,0.6565737051792828,0.13131474103585655
5,1825,655,1.0287881255499693,0.6589641434262948,0.13179282868525896
6,1820,660,1.0135336980499536,0.6572111553784861,0.13144223107569722
7,1830,650,1.0211230273333058,0.6576892430278884,0.13153784860557768
8,1830,660,1.0104612085499562,0.6576892430278884,0.13153784860557768
