id,k,alpha,time,acc,score
1,2100,1000,1.6131202744334587,0.6626294820717131,0.13252589641434262
2,2095,995,1.6255907175664712,0.6629482071713148,0.13258964143426294
3,2095,1005,1.6980273370500072,0.6616733067729084,0.13233466135458166
4,2105,995,1.6399816247833465,0.6610358565737052,0.13220717131474105
5,2105,1005,1.6809355414666547,0.6610358565737052,0.13220717131474105
6,2090,990,1.6570398120000998,0.662788844621514,0.1325577689243028
7,2090,1000,1.6421131802499682,0.6616733067729084,0.13233466135458166
8,2100,990,1.67393555661644,0.6613545816733067,0.13227091633466134
