id,k,alpha,time,acc,score
1,1960,925,1.5190643879167813,0.6600796812749004,0.13201593625498007
2,1955,920,1.5166735675666132,0.6594422310756972,0.13188844621513945
3,1955,930,1.539979033266718,0.6597609561752988,0.13195219123505977
4,1965,920,1.5006601235332104,0.6600796812749004,0.13201593625498007
5,1965,930,1.5341549457499544,0.6600796812749004,0.13201593625498007
