id,k,alpha,time,acc,score
1,1940,825,1.342112521349918,0.6586454183266932,0.13172908366533864
2,1935,820,1.3307390196166429,0.6597609561752988,0.13195219123505977
3,1935,830,1.3562730312165514,0.6591235059760956,0.1318247011952191
4,1945,820,1.3160313407832291,0.6594422310756972,0.13188844621513945
5,1945,830,1.3442135704334457,0.6605577689243027,0.13211155378486056
6,1940,835,1.357628934366706,0.6572111553784861,0.13144223107569722
7,1950,825,1.3359309585832913,0.6597609561752988,0.13195219123505977
8,1950,835,1.3504198303999146,0.6599203187250996,0.13198406374501992
