id,k,alpha,time,acc,score
1,2020,675,1.0732585553831693,0.6621513944223107,0.13243027888446215
2,2015,670,1.0358365150668154,0.6623107569721115,0.1324621513944223
3,2015,680,1.046686064650324,0.661195219123506,0.1322390438247012
4,2025,670,1.0344321564334678,0.662788844621514,0.1325577689243028
5,2025,680,1.0419274142332142,0.6621513944223107,0.13243027888446215
6,2020,665,1.0289757334501095,0.6608764940239044,0.13217529880478088
7,2030,665,1.0328295594333516,0.6624701195219124,0.13249402390438247
8,2030,675,1.0604820217835367,0.6615139442231076,0.13230278884462152
