id,k,alpha,time,acc,score
1,1920,975,1.5961486102998605,0.6621513944223107,0.13243027888446215
2,1915,970,1.604332962116799,0.6615139442231076,0.13230278884462152
3,1915,980,1.6157727903499715,0.6608764940239044,0.13217529880478088
4,1925,970,1.6010804122168338,0.6592828685258965,0.13185657370517928
5,1925,980,1.6031924809166715,0.6597609561752988,0.13195219123505977
