id,k,alpha,time,acc,score
1,2040,925,1.5428370920499825,0.66199203187251,0.132398406374502
2,2035,920,1.4923172311333475,0.6637450199203188,0.13274900398406375
3,2035,930,1.5343553299836155,0.6635856573705179,0.13271713147410358
4,2045,920,1.4800039259333668,0.6626294820717131,0.13252589641434262
5,2045,930,1.519039433900131,0.6621513944223107,0.13243027888446215
6,2030,915,1.5062021199667166,0.6637450199203188,0.13274900398406375
7,2030,925,1.5351703489999635,0.6624701195219124,0.13249402390438247
8,2040,915,1.492278772900075,0.6632669322709164,0.1326533864541833
