id,k,alpha,time,acc,score
1,2000,550,0.8339203419333595,0.6586454183266932,0.13172908366533864
2,1995,545,0.8183582563336435,0.6592828685258965,0.13185657370517928
3,1995,555,0.8322869622997435,0.6588047808764941,0.13176095617529882
4,2005,545,0.8086376759999742,0.6581673306772908,0.13163346613545818
5,2005,555,0.8406108966999455,0.660398406374502,0.13207968127490038
6,2000,560,0.8482705697669493,0.6576892430278884,0.13153784860557768
7,2010,550,0.8290689598162619,0.6586454183266932,0.13172908366533864
8,2010,560,0.8474312606500461,0.6597609561752988,0.13195219123505977
