id,k,alpha,time,acc,score
1,1840,950,1.5421590019666231,0.6605577689243027,0.13211155378486056
2,1835,945,1.5604436139333606,0.6602390438247012,0.13204780876494024
3,1835,955,1.5787397218167218,0.6588047808764941,0.13176095617529882
4,1845,945,1.5569072512166409,0.660398406374502,0.13207968127490038
5,1845,955,1.5742342553333097,0.6608764940239044,0.13217529880478088
6,1840,960,1.5652981205833687,0.6591235059760956,0.1318247011952191
7,1850,950,1.5450254523333569,0.6588047808764941,0.13176095617529882
8,1850,960,1.553475095550069,0.6600796812749004,0.13201593625498007
