id,k,alpha,time,acc,score
1,1800,625,0.9818295854833271,0.6580079681274901,0.131601593625498
2,1795,620,0.9609767743833345,0.6568924302788844,0.1313784860557769
3,1795,630,0.977964282266665,0.6568924302788844,0.1313784860557769
4,1805,620,0.9608459925499953,0.6580079681274901,0.131601593625498
5,1805,630,0.9615514042833335,0.6576892430278884,0.13153784860557768
