id,k,alpha,time,acc,score
1,2100,900,1.4431570021663598,0.6616733067729084,0.13233466135458166
2,2095,895,1.4416016818334658,0.6613545816733067,0.13227091633466134
3,2095,905,1.4773803131499639,0.6607171314741036,0.13214342629482073
4,2105,895,1.4458861507999246,0.6613545816733067,0.13227091633466134
5,2105,905,1.5106712937500562,0.661195219123506,0.1322390438247012
