id,k,alpha,time,acc,score
1,1900,625,0.9741232106500927,0.6580079681274901,0.131601593625498
2,1895,620,0.9627133697501752,0.6589641434262948,0.13179282868525896
3,1895,630,0.9608158858332899,0.6583266932270916,0.13166533864541832
4,1905,620,0.9548841653168589,0.6599203187250996,0.13198406374501992
5,1905,630,0.9562870645999889,0.6575298804780877,0.13150597609561754
6,1900,615,0.9505675733167057,0.6591235059760956,0.1318247011952191
7,1910,615,0.9419893822334415,0.6597609561752988,0.13195219123505977
8,1910,625,0.9718296346666951,0.6599203187250996,0.13198406374501992
