id,k,alpha,time,acc,score
1,1980,525,0.779437944166663,0.659601593625498,0.1319203187250996
2,1975,520,0.7746852916000838,0.6589641434262948,0.13179282868525896
3,1975,530,0.7908995678168139,0.6583266932270916,0.13166533864541832
4,1985,520,0.7692852008333527,0.6581673306772908,0.13163346613545818
5,1985,530,0.7913391859166343,0.659601593625498,0.1319203187250996
