id,k,alpha,time,acc,score
1,2060,775,1.26742841360004,0.6626294820717131,0.13252589641434262
2,2055,770,1.2546736751833427,0.6624701195219124,0.13249402390438247
3,2055,780,1.2470273367662836,0.6618326693227091,0.13236653386454184
4,2065,770,1.2613189214500986,0.6613545816733067,0.13227091633466134
5,2065,780,1.2438629386330529,0.6610358565737052,0.13220717131474105
