id,k,alpha,time,acc,score
1,1840,625,0.945093418116691,0.6580079681274901,0.131601593625498
2,1835,620,0.954664564950023,0.6576892430278884,0.13153784860557768
3,1835,630,0.9640339484500146,0.6572111553784861,0.13144223107569722
4,1845,620,0.9627471111666334,0.6578486055776892,0.13156972111553783
5,1845,630,0.9547208027333303,0.6578486055776892,0.13156972111553783
