id,k,alpha,time,acc,score
1,2040,775,1.2621778905163714,0.661195219123506,0.1322390438247012
2,2035,770,1.234982817383328,0.6634262948207171,0.13268525896414343
3,2035,780,1.2409819737833458,0.66199203187251,0.132398406374502
4,2045,770,1.2335867334666546,0.6629482071713148,0.13258964143426294
5,2045,780,1.234103841149772,0.66199203187251,0.132398406374502
6,2030,765,1.23445465270003,0.6623107569721115,0.1324621513944223
7,2030,775,1.2574612694001794,0.6618326693227091,0.13236653386454184
8,2040,765,1.2266079467168312,0.6626294820717131,0.13252589641434262
