id,k,alpha,time,acc,score
1,1940,625,0.9677194846665468,0.6583266932270916,0.13166533864541832
2,1935,620,0.9388273704331368,0.6584860557768925,0.1316972111553785
3,1935,630,0.9674710185000246,0.6591235059760956,0.1318247011952191
4,1945,620,0.9351612864166479,0.659601593625498,0.1319203187250996
5,1945,630,0.9547006002166503,0.6591235059760956,0.1318247011952191
6,1940,615,0.9343077324333232,0.6591235059760956,0.1318247011952191
7,1950,615,0.9394430579333857,0.6586454183266932,0.13172908366533864
8,1950,625,0.9701624973999666,0.6581673306772908,0.13163346613545818
