id,k,alpha,time,acc,score
1,2020,750,1.1906155712669715,0.662788844621514,0.1325577689243028
2,2015,745,1.167737858966575,0.66199203187251,0.132398406374502
3,2015,755,1.185392319399883,0.6618326693227091,0.13236653386454184
4,2025,745,1.1709868067502005,0.6607171314741036,0.13214342629482073
5,2025,755,1.1852761955165383,0.6618326693227091,0.13236653386454184
