id,k,alpha,time,acc,score
1,2040,825,1.357024722849989,0.6634262948207171,0.13268525896414343
2,2035,820,1.3085034091665875,0.6640637450199203,0.13281274900398404
3,2035,830,1.335969578733299,0.6631075697211155,0.1326215139442231
4,2045,820,1.310188468999695,0.6618326693227091,0.13236653386454184
5,2045,830,1.33662469163343,0.6648605577689243,0.13297211155378486
6,2040,835,1.3412942198832751,0.6631075697211155,0.1326215139442231
7,2050,825,1.3561235012331356,0.6635856573705179,0.13271713147410358
8,2050,835,1.3490582427829698,0.6631075697211155,0.1326215139442231
