id,k,alpha,time,acc,score
1,1940,1000,1.672515496333411,0.6607171314741036,0.13214342629482073
2,1935,995,1.6484201269333425,0.6589641434262948,0.13179282868525896
3,1935,1005,1.6467331561167764,0.6597609561752988,0.13195219123505977
4,1945,995,1.6501524066499162,0.6602390438247012,0.13204780876494024
5,1945,1005,1.6456699101331955,0.660398406374502,0.13207968127490038
