id,k,alpha,time,acc,score
1,1840,525,0.7813469822166856,0.6565737051792828,0.13131474103585655
2,1835,520,0.7686771051166337,0.6583266932270916,0.13166533864541832
3,1835,530,0.7863651190832873,0.6559362549800797,0.13118725099601594
4,1845,520,0.7598722756500138,0.6584860557768925,0.1316972111553785
5,1845,530,0.7908071154499946,0.6576892430278884,0.13153784860557768
6,1840,515,0.7560336489499605,0.6568924302788844,0.1313784860557769
7,1850,515,0.7555034649333418,0.6568924302788844,0.1313784860557769
8,1850,525,0.7801335499833537,0.6581673306772908,0.13163346613545818
