id,k,alpha,time,acc,score
1,1860,800,1.2956333818665977,0.6600796812749004,0.13201593625498007
2,1855,795,1.2989677709832903,0.6581673306772908,0.13163346613545818
3,1855,805,1.2777497289167514,0.6594422310756972,0.13188844621513945
4,1865,795,1.2954323276500266,0.6591235059760956,0.1318247011952191
5,1865,805,1.282056170149978,0.659601593625498,0.1319203187250996
