id,k,alpha,time,acc,score
1,1840,700,1.088707228466592,0.6586454183266932,0.13172908366533864
2,1835,695,1.0945860921833324,0.6573705179282868,0.13147410358565736
3,1835,705,1.1137447119666224,0.6565737051792828,0.13131474103585655
4,1845,695,1.085245105666642,0.6589641434262948,0.13179282868525896
5,1845,705,1.1093443276666222,0.6599203187250996,0.13198406374501992
6,1840,710,1.1416111612333528,0.6589641434262948,0.13179282868525896
7,1850,700,1.092675339233392,0.6597609561752988,0.13195219123505977
8,1850,710,1.130089251783405,0.6583266932270916,0.13166533864541832
