id,k,alpha,time,acc,score
1,1820,500,0.7450766816999931,0.6575298804780877,0.13150597609561754
2,1815,495,0.7275063976666691,0.6568924302788844,0.1313784860557769
3,1815,505,0.7506197762666792,0.6572111553784861,0.13144223107569722
4,1825,495,0.7317617650000102,0.6575298804780877,0.13150597609561754
5,1825,505,0.7531379189166728,0.6562549800796813,0.13125099601593626
