id,k,alpha,time,acc,score
1,1980,975,1.6201227962999838,0.6624701195219124,0.13249402390438247
2,1975,970,1.6374298244001693,0.660398406374502,0.13207968127490038
3,1975,980,1.6233661631830425,0.6607171314741036,0.13214342629482073
4,1985,970,1.620269473049848,0.6602390438247012,0.13204780876494024
5,1985,980,1.606754109383231,0.6615139442231076,0.13230278884462152
