id,k,alpha,time,acc,score
1,2000,875,1.457433825583333,0.6639043824701195,0.1327808764940239
2,1995,870,1.3957731598663183,0.6616733067729084,0.13233466135458166
3,1995,880,1.4390776475333646,0.6618326693227091,0.13236653386454184
4,2005,870,1.3927158166998803,0.6608764940239044,0.13217529880478088
5,2005,880,1.4383850183997613,0.6624701195219124,0.13249402390438247
