id,k,alpha,time,acc,score
1,2060,975,1.580723637766399,0.6608764940239044,0.13217529880478088
2,2055,970,1.595063793133401,0.6629482071713148,0.13258964143426294
3,2055,980,1.6169380543166578,0.6621513944223107,0.13243027888446215
4,2065,970,1.599900460516801,0.6616733067729084,0.13233466135458166
5,2065,980,1.608573084899884,0.6626294820717131,0.13252589641434262
6,2050,965,1.5622491761833468,0.6623107569721115,0.1324621513944223
7,2050,975,1.5914303210166205,0.6624701195219124,0.13249402390438247
8,2060,965,1.5506151623999662,0.6623107569721115,0.1324621513944223
