id,k,alpha,time,acc,score
1,1960,525,0.7723024691501147,0.661195219123506,0.1322390438247012
2,1955,520,0.7796027317332724,0.6610358565737052,0.13220717131474105
3,1955,530,0.7919260355333487,0.6589641434262948,0.13179282868525896
4,1965,520,0.779657761399964,0.6591235059760956,0.1318247011952191
5,1965,530,0.796154593416577,0.660398406374502,0.13207968127490038
