id,k,alpha,time,acc,score
1,1920,675,1.0447399229667402,0.66199203187251,0.132398406374502
2,1915,670,1.0640492645167494,0.6591235059760956,0.1318247011952191
3,1915,680,1.0822081182166585,0.6600796812749004,0.13201593625498007
4,1925,670,1.0563586348667742,0.6592828685258965,0.13185657370517928
5,1925,680,1.0737006980498942,0.6605577689243027,0.13211155378486056
