id,k,alpha,time,acc,score
1,2100,950,1.5515136501164912,0.6632669322709164,0.1326533864541833
2,2095,945,1.5489076918999976,0.6632669322709164,0.1326533864541833
3,2095,955,1.5882754377331973,0.6634262948207171,0.13268525896414343
4,2105,945,1.5498864990498986,0.6631075697211155,0.1326215139442231
5,2105,955,1.574792879333351,0.6613545816733067,0.13227091633466134
6,2090,950,1.5904996800997955,0.660398406374502,0.13207968127490038
7,2090,960,1.529254911316578,0.660398406374502,0.13207968127490038
8,2100,960,1.5259811752999668,0.6613545816733067,0.13227091633466134
