id,k,alpha,time,acc,score
1,1920,950,1.5638278809667099,0.66199203187251,0.132398406374502
2,1915,945,1.5585441798165751,0.6626294820717131,0.13252589641434262
3,1915,955,1.5841359730167217,0.6613545816733067,0.13227091633466134
4,1925,945,1.5526513052999993,0.6594422310756972,0.13188844621513945
5,1925,955,1.5722347529166047,0.6594422310756972,0.13188844621513945
6,1910,940,1.5496575261000545,0.6602390438247012,0.13204780876494024
7,1910,950,1.563127218483472,0.6616733067729084,0.13233466135458166
8,1920,940,1.5411622876500284,0.6608764940239044,0.13217529880478088
