id,k,alpha,time,acc,score
1,2020,925,1.5529165405003975,0.66199203187251,0.132398406374502
2,2015,920,1.5148374849333777,0.6610358565737052,0.13220717131474105
3,2015,930,1.5591124787000201,0.66199203187251,0.132398406374502
4,2025,920,1.5126744842666084,0.6621513944223107,0.13243027888446215
5,2025,930,1.5571750423832176,0.6624701195219124,0.13249402390438247
6,2020,935,1.5264433956501307,0.6615139442231076,0.13230278884462152
7,2030,925,1.551006693933353,0.6624701195219124,0.13249402390438247
8,2030,935,1.5299942241666333,0.6616733067729084,0.13233466135458166
