id,k,alpha,time,acc,score
1,1840,925,1.500959237949913,0.659601593625498,0.1319203187250996
2,1835,920,1.513568738866646,0.6581673306772908,0.13163346613545818
3,1835,930,1.5290851648166912,0.6584860557768925,0.1316972111553785
4,1845,920,1.5125234891165746,0.6591235059760956,0.1318247011952191
5,1845,930,1.524380350800008,0.6597609561752988,0.13195219123505977
6,1840,935,1.5232594447666392,0.659601593625498,0.1319203187250996
7,1850,925,1.4960507680167212,0.6594422310756972,0.13188844621513945
8,1850,935,1.523171097416586,0.6586454183266932,0.13172908366533864
