id,k,alpha,time,acc,score
1,2020,775,1.2638110429164953,0.6613545816733067,0.13227091633466134
2,2015,770,1.2585601108997555,0.6615139442231076,0.13230278884462152
3,2015,780,1.2623000794832477,0.6616733067729084,0.13233466135458166
4,2025,770,1.245075921700239,0.6610358565737052,0.13220717131474105
5,2025,780,1.273307167533009,0.6626294820717131,0.13252589641434262
6,2020,785,1.245225552599974,0.6613545816733067,0.13227091633466134
7,2030,775,1.2621961624502243,0.6618326693227091,0.13236653386454184
8,2030,785,1.241740138999982,0.6624701195219124,0.13249402390438247
