id,k,alpha,time,acc,score
1,1880,625,0.9537853414333465,0.6586454183266932,0.13172908366533864
2,1875,620,0.9584071054333132,0.6583266932270916,0.13166533864541832
3,1875,630,0.9626367807667218,0.6584860557768925,0.1316972111553785
4,1885,620,0.9695735149332905,0.6583266932270916,0.13166533864541832
5,1885,630,0.9638765401166893,0.6583266932270916,0.13166533864541832
