id,k,alpha,time,acc,score
1,1820,600,0.9161210888166654,0.6592828685258965,0.13185657370517928
2,1815,595,0.9075935473166585,0.6565737051792828,0.13131474103585655
3,1815,605,0.9106847960666831,0.6591235059760956,0.1318247011952191
4,1825,595,0.9041961299499841,0.6581673306772908,0.13163346613545818
5,1825,605,0.9086002576999818,0.6570517928286853,0.13141035856573707
