id,k,alpha,time,acc,score
1,2000,975,1.6300638512664591,0.6621513944223107,0.13243027888446215
2,1995,970,1.5998160758996771,0.6615139442231076,0.13230278884462152
3,1995,980,1.6587385117333422,0.6615139442231076,0.13230278884462152
4,2005,970,1.594491518200084,0.6602390438247012,0.13204780876494024
5,2005,980,1.6422305340665238,0.6623107569721115,0.1324621513944223
6,2000,985,1.6193811852834188,0.6608764940239044,0.13217529880478088
7,2010,975,1.6154467317164138,0.6616733067729084,0.13233466135458166
8,2010,985,1.616887939533141,0.6616733067729084,0.13233466135458166
