id,k,alpha,time,acc,score
1,1800,775,1.2250667278833285,0.6565737051792828,0.13131474103585655
2,1795,770,1.2308036907166753,0.6562549800796813,0.13125099601593626
3,1795,780,1.221920513750001,0.6552988047808765,0.1310597609561753
4,1805,770,1.2302051777666747,0.6562549800796813,0.13125099601593626
5,1805,780,1.2225138583666648,0.6552988047808765,0.1310597609561753
