id,k,alpha,time,acc,score
1,1800,725,1.1315907865166688,0.6540239043824702,0.13080478087649403
2,1795,720,1.1179838025833457,0.6538645418326693,0.13077290836653385
3,1795,730,1.157667280533345,0.6543426294820717,0.13086852589641434
4,1805,720,1.1153867596333233,0.6560956175298804,0.1312191235059761
5,1805,730,1.1509911390166658,0.6543426294820717,0.13086852589641434
6,1800,715,1.1399979509666536,0.6549800796812749,0.13099601593625498
7,1810,715,1.1175117587500003,0.6559362549800797,0.13118725099601594
8,1810,725,1.1217820958833271,0.6557768924302789,0.1311553784860558
