id,k,alpha,time,acc,score
1,1960,900,1.4996000586999192,0.6605577689243027,0.13211155378486056
2,1955,895,1.4500485238165615,0.6610358565737052,0.13220717131474105
3,1955,905,1.4780276555999687,0.6602390438247012,0.13204780876494024
4,1965,895,1.4405366027499744,0.6607171314741036,0.13214342629482073
5,1965,905,1.4882972483998553,0.6591235059760956,0.1318247011952191
6,1950,890,1.4307253723833129,0.6608764940239044,0.13217529880478088
7,1950,900,1.494551120816565,0.6605577689243027,0.13211155378486056
8,1960,890,1.4284539923666064,0.6607171314741036,0.13214342629482073
