id,k,alpha,time,acc,score
1,1920,725,1.1594303923166687,0.6597609561752988,0.13195219123505977
2,1915,720,1.1640832147667728,0.659601593625498,0.1319203187250996
3,1915,730,1.1492740153499956,0.6600796812749004,0.13201593625498007
4,1925,720,1.1517847612165497,0.6592828685258965,0.13185657370517928
5,1925,730,1.141837446100059,0.659601593625498,0.1319203187250996
6,1910,725,1.16178273509989,0.6594422310756972,0.13188844621513945
7,1910,735,1.1654495008498391,0.6599203187250996,0.13198406374501992
8,1920,735,1.1670784023500649,0.6597609561752988,0.13195219123505977
