id,k,alpha,time,acc,score
1,1880,900,1.4719496559334706,0.6618326693227091,0.13236653386454184
2,1875,895,1.4628422154499277,0.6599203187250996,0.13198406374501992
3,1875,905,1.4942427243334047,0.659601593625498,0.1319203187250996
4,1885,895,1.4635555586001525,0.6610358565737052,0.13220717131474105
5,1885,905,1.481611652833332,0.6597609561752988,0.13195219123505977
