id,k,alpha,time,acc,score
1,2000,725,1.1395991779170194,0.6623107569721115,0.1324621513944223
2,1995,720,1.1256385611501174,0.6640637450199203,0.13281274900398404
3,1995,730,1.164254773633244,0.6623107569721115,0.1324621513944223
4,2005,720,1.118650245749935,0.6637450199203188,0.13274900398406375
5,2005,730,1.1652117336498728,0.6624701195219124,0.13249402390438247
6,1990,715,1.1515681433830953,0.6631075697211155,0.1326215139442231
7,1990,725,1.1327525800501461,0.6634262948207171,0.13268525896414343
8,2000,715,1.1619807134663764,0.6623107569721115,0.1324621513944223
