id,k,alpha,time,acc,score
1,2060,675,1.046649439666847,0.6632669322709164,0.1326533864541833
2,2055,670,1.0500981203833362,0.6618326693227091,0.13236653386454184
3,2055,680,1.0778656204997483,0.6632669322709164,0.1326533864541833
4,2065,670,1.0495289513331953,0.66199203187251,0.132398406374502
5,2065,680,1.076935648849758,0.6623107569721115,0.1324621513944223
