id,k,alpha,time,acc,score
1,1800,675,1.064372029083332,0.6527490039840638,0.13054980079681275
2,1795,670,1.0403140809666638,0.6572111553784861,0.13144223107569722
3,1795,680,1.0892436201833333,0.6545019920318725,0.13090039840637452
4,1805,670,1.0323363644833383,0.6549800796812749,0.13099601593625498
5,1805,680,1.0783272928333265,0.6551394422310757,0.13102788844621513
6,1790,665,1.0094042496333335,0.6567330677290837,0.13134661354581673
7,1790,675,1.063170668016672,0.6551394422310757,0.13102788844621513
8,1800,665,1.0067168609999952,0.6554581673306773,0.13109163346613545
