id,k,alpha,time,acc,score
1,2060,625,0.9466776566167634,0.6618326693227091,0.13236653386454184
2,2055,620,0.9591582737169423,0.6600796812749004,0.13201593625498007
3,2055,630,0.986255291866837,0.6626294820717131,0.13252589641434262
4,2065,620,0.965185569000217,0.6610358565737052,0.13220717131474105
5,2065,630,0.9817309669330522,0.6600796812749004,0.13201593625498007
6,2050,625,0.9484233862162607,0.6618326693227091,0.13236653386454184
7,2050,635,0.9971607254168097,0.6616733067729084,0.13233466135458166
8,2060,635,0.999662565383187,0.6615139442231076,0.13230278884462152
