id,k,alpha,time,acc,score
1,2040,975,1.6257701545667562,0.6634262948207171,0.13268525896414343
2,2035,970,1.579559573966738,0.6621513944223107,0.13243027888446215
3,2035,980,1.6544971047333092,0.66199203187251,0.132398406374502
4,2045,970,1.5753496446995996,0.6635856573705179,0.13271713147410358
5,2045,980,1.6583602003830795,0.6632669322709164,0.1326533864541833
6,2040,965,1.5846902375167702,0.6624701195219124,0.13249402390438247
7,2050,965,1.5896481211166247,0.6623107569721115,0.1324621513944223
8,2050,975,1.618836212833412,0.6624701195219124,0.13249402390438247
