id,k,alpha,time,acc,score
1,1940,925,1.5339586225833046,0.6597609561752988,0.13195219123505977
2,1935,920,1.5213006924832977,0.6592828685258965,0.13185657370517928
3,1935,930,1.5315358567999888,0.6592828685258965,0.13185657370517928
4,1945,920,1.5189851124998919,0.6584860557768925,0.1316972111553785
5,1945,930,1.5160744411499762,0.6610358565737052,0.13220717131474105
6,1940,935,1.5405000062167042,0.6597609561752988,0.13195219123505977
7,1950,925,1.534322332499869,0.659601593625498,0.1319203187250996
8,1950,935,1.543117683033294,0.6594422310756972,0.13188844621513945
