id,k,alpha,time,acc,score
1,2080,875,1.4548274333501467,0.661195219123506,0.1322390438247012
2,2075,870,1.4357168097170263,0.6623107569721115,0.1324621513944223
3,2075,880,1.4010255765999318,0.66199203187251,0.132398406374502
4,2085,870,1.4379748195332165,0.6621513944223107,0.13243027888446215
5,2085,880,1.4085082507832947,0.6618326693227091,0.13236653386454184
6,2070,865,1.3771711457831164,0.6618326693227091,0.13236653386454184
7,2070,875,1.444122206250419,0.6613545816733067,0.13227091633466134
8,2080,865,1.3641624392999803,0.6613545816733067,0.13227091633466134
