id,k,alpha,time,acc,score
1,2100,850,1.385136194099808,0.6616733067729084,0.13233466135458166
2,2095,845,1.3641641789499166,0.661195219123506,0.1322390438247012
3,2095,855,1.3717806549500287,0.661195219123506,0.1322390438247012
4,2105,845,1.3670893268999256,0.6613545816733067,0.13227091633466134
5,2105,855,1.3679547943165138,0.6608764940239044,0.13217529880478088
