id,k,alpha,time,acc,score
1,2100,500,0.7290527195999554,0.6605577689243027,0.13211155378486056
2,2095,495,0.729103776049548,0.6613545816733067,0.13227091633466134
3,2095,505,0.7597336334001739,0.6605577689243027,0.13211155378486056
4,2105,495,0.7232123833164223,0.6615139442231076,0.13230278884462152
5,2105,505,0.7749261325996486,0.6623107569721115,0.1324621513944223
6,2100,510,0.7541770362833631,0.6613545816733067,0.13227091633466134
7,2110,500,0.7370197587331252,0.6618326693227091,0.13236653386454184
8,2110,510,0.7569022245496551,0.66199203187251,0.132398406374502
