id,k,alpha,time,acc,score
1,1900,1000,1.639771833599904,0.662788844621514,0.1325577689243028
2,1895,995,1.6491218382335016,0.6624701195219124,0.13249402390438247
3,1895,1005,1.6765776605835223,0.6616733067729084,0.13233466135458166
4,1905,995,1.6485720684666982,0.6624701195219124,0.13249402390438247
5,1905,1005,1.6645190607831561,0.6624701195219124,0.13249402390438247
