id,k,alpha,time,acc,score
1,1800,900,1.4700464174999979,0.654820717131474,0.1309641434262948
2,1795,895,1.4602067676333415,0.6541832669322709,0.13083665338645417
3,1795,905,1.4794520488333547,0.6541832669322709,0.13083665338645417
4,1805,895,1.4558165783666785,0.6546613545816733,0.13093227091633466
5,1805,905,1.477277016433345,0.6540239043824702,0.13080478087649403
