id,k,alpha,time,acc,score
1,2020,975,1.5943391916831995,0.6626294820717131,0.13252589641434262
2,2015,970,1.583566809866655,0.6615139442231076,0.13230278884462152
3,2015,980,1.6298530780002087,0.661195219123506,0.1322390438247012
4,2025,970,1.5750149597995915,0.6623107569721115,0.1324621513944223
5,2025,980,1.6209283020167884,0.6615139442231076,0.13230278884462152
