id,k,alpha,time,acc,score
1,1880,800,1.29002065763331,0.6594422310756972,0.13188844621513945
2,1875,795,1.2812385154166501,0.6605577689243027,0.13211155378486056
3,1875,805,1.2957010001333402,0.6599203187250996,0.13198406374501992
4,1885,795,1.268744662183235,0.6588047808764941,0.13176095617529882
5,1885,805,1.2920281339665962,0.6597609561752988,0.13195219123505977
6,1870,790,1.2714334482167033,0.6592828685258965,0.13185657370517928
7,1870,800,1.282129722566727,0.6600796812749004,0.13201593625498007
8,1880,790,1.2654391070000808,0.6591235059760956,0.1318247011952191
