id,k,alpha,time,acc,score
1,1840,500,0.7411160038333037,0.6556175298804781,0.13112350597609562
2,1835,495,0.7242991540332999,0.6573705179282868,0.13147410358565736
3,1835,505,0.751280683499984,0.6562549800796813,0.13125099601593626
4,1845,495,0.7231677976666712,0.6562549800796813,0.13125099601593626
5,1845,505,0.7468773899166384,0.6580079681274901,0.131601593625498
6,1840,510,0.7560854756500096,0.6578486055776892,0.13156972111553783
7,1850,500,0.7374449515000379,0.6554581673306773,0.13109163346613545
8,1850,510,0.7482104924666904,0.6570517928286853,0.13141035856573707
