id,k,alpha,time,acc,score
1,1940,525,0.7783013696333607,0.659601593625498,0.1319203187250996
2,1935,520,0.7699990814665701,0.6578486055776892,0.13156972111553783
3,1935,530,0.7872396098833027,0.6586454183266932,0.13172908366533864
4,1945,520,0.7646240061500672,0.6592828685258965,0.13185657370517928
5,1945,530,0.7824486372167788,0.659601593625498,0.1319203187250996
