id,k,alpha,time,acc,score
1,1920,500,0.7378935737166709,0.659601593625498,0.1319203187250996
2,1915,495,0.7433400435501729,0.659601593625498,0.1319203187250996
3,1915,505,0.7520357782833647,0.6573705179282868,0.13147410358565736
4,1925,495,0.7377923433166871,0.6597609561752988,0.13195219123505977
5,1925,505,0.741237225333316,0.6576892430278884,0.13153784860557768
6,1920,490,0.7211445274998065,0.6589641434262948,0.13179282868525896
7,1930,490,0.7199481986831718,0.6588047808764941,0.13176095617529882
8,1930,500,0.7354577023499587,0.6578486055776892,0.13156972111553783
