id,k,alpha,time,acc,score
1,2080,550,0.8358591283666708,0.6599203187250996,0.13198406374501992
2,2075,545,0.8005165918332448,0.6586454183266932,0.13172908366533864
3,2075,555,0.8611428491499585,0.661195219123506,0.1322390438247012
4,2085,545,0.801160371649894,0.6616733067729084,0.13233466135458166
5,2085,555,0.8472458148666192,0.6605577689243027,0.13211155378486056
6,2080,540,0.8176787194330245,0.660398406374502,0.13207968127490038
7,2090,540,0.8112014867831021,0.6615139442231076,0.13230278884462152
8,2090,550,0.829275085683427,0.6616733067729084,0.13233466135458166
