id,k,alpha,time,acc,score
1,1880,675,1.0437725315833328,0.6605577689243027,0.13211155378486056
2,1875,670,1.0693480068999635,0.6605577689243027,0.13211155378486056
3,1875,680,1.0662836465500731,0.6597609561752988,0.13195219123505977
4,1885,670,1.0616783175667175,0.6600796812749004,0.13201593625498007
5,1885,680,1.0674765936500383,0.6599203187250996,0.13198406374501992
