id,k,alpha,time,acc,score
1,1860,675,1.0839836056500645,0.6591235059760956,0.1318247011952191
2,1855,670,1.0601191459666248,0.6591235059760956,0.1318247011952191
3,1855,680,1.050097178566648,0.6599203187250996,0.13198406374501992
4,1865,670,1.0511368950666413,0.6600796812749004,0.13201593625498007
5,1865,680,1.0406126906499897,0.6592828685258965,0.13185657370517928
6,1860,665,1.0202159485666926,0.6600796812749004,0.13201593625498007
7,1870,665,1.0210722113833375,0.6588047808764941,0.13176095617529882
8,1870,675,1.0796187733000504,0.6600796812749004,0.13201593625498007
