id,k,alpha,time,acc,score
1,1900,650,1.0090791875166663,0.6597609561752988,0.13195219123505977
2,1895,645,0.9949263268999251,0.6592828685258965,0.13185657370517928
3,1895,655,1.0240064698167164,0.6602390438247012,0.13204780876494024
4,1905,645,0.99018069256684,0.6591235059760956,0.1318247011952191
5,1905,655,1.0224727707332932,0.6586454183266932,0.13172908366533864
6,1890,650,0.9990330224167944,0.6588047808764941,0.13176095617529882
7,1890,660,1.0255098397001954,0.6600796812749004,0.13201593625498007
8,1900,660,1.025945712950003,0.6586454183266932,0.13172908366533864
