id,k,alpha,time,acc,score
1,1960,775,1.2406269737499922,0.6607171314741036,0.13214342629482073
2,1955,770,1.2337595158166854,0.6607171314741036,0.13214342629482073
3,1955,780,1.2500222774501404,0.6599203187250996,0.13198406374501992
4,1965,770,1.2284867982666279,0.660398406374502,0.13207968127490038
5,1965,780,1.2545919434334791,0.6592828685258965,0.13185657370517928
