id,k,alpha,time,acc,score
1,1880,850,1.3841406778999954,0.6599203187250996,0.13198406374501992
2,1875,845,1.3761032517664717,0.6605577689243027,0.13211155378486056
3,1875,855,1.414970224850064,0.6592828685258965,0.13185657370517928
4,1885,845,1.369067195183258,0.6602390438247012,0.13204780876494024
5,1885,855,1.4126160070833673,0.6592828685258965,0.13185657370517928
6,1870,840,1.3638386624833705,0.660398406374502,0.13207968127490038
7,1870,850,1.3784218543832443,0.6592828685258965,0.13185657370517928
8,1880,840,1.3573875518666076,0.6591235059760956,0.1318247011952191
