id,k,alpha,time,acc,score
1,2020,850,1.3628087283999775,0.6634262948207171,0.13268525896414343
2,2015,845,1.3723638457498357,0.662788844621514,0.1325577689243028
3,2015,855,1.3968795892666095,0.6640637450199203,0.13281274900398404
4,2025,845,1.3681786701670111,0.6624701195219124,0.13249402390438247
5,2025,855,1.3918429750163341,0.6618326693227091,0.13236653386454184
6,2010,850,1.3629174805833222,0.6632669322709164,0.1326533864541833
7,2010,860,1.3935029645333998,0.6635856573705179,0.13271713147410358
8,2020,860,1.3910960528999567,0.6621513944223107,0.13243027888446215
