id,k,alpha,time,acc,score
1,2040,625,0.9598048486669237,0.6621513944223107,0.13243027888446215
2,2035,620,0.9480149207335974,0.6613545816733067,0.13227091633466134
3,2035,630,0.9886908995336853,0.6624701195219124,0.13249402390438247
4,2045,620,0.9345662146001511,0.6608764940239044,0.13217529880478088
5,2045,630,0.9793342186167138,0.6624701195219124,0.13249402390438247
6,2040,635,0.9691783939837478,0.6616733067729084,0.13233466135458166
7,2050,625,0.9536492012334444,0.6618326693227091,0.13236653386454184
8,2050,635,0.9660106763500759,0.6616733067729084,0.13233466135458166
