id,k,alpha,time,acc,score
1,1800,575,0.8544578643666683,0.6592828685258965,0.13185657370517928
2,1795,570,0.8598226974333367,0.6583266932270916,0.13166533864541832
3,1795,580,0.8736208972000024,0.6572111553784861,0.13144223107569722
4,1805,570,0.8788965763000003,0.6581673306772908,0.13163346613545818
5,1805,580,0.8736700008833319,0.6570517928286853,0.13141035856573707
