id,k,alpha,time,acc,score
1,1980,950,1.601858525350205,0.661195219123506,0.1322390438247012
2,1975,945,1.5457344918002491,0.6618326693227091,0.13236653386454184
3,1975,955,1.5654007766667444,0.6605577689243027,0.13211155378486056
4,1985,945,1.533233118383214,0.6626294820717131,0.13252589641434262
5,1985,955,1.5562658454669873,0.662788844621514,0.1325577689243028
6,1980,960,1.6144628695833185,0.6618326693227091,0.13236653386454184
7,1990,950,1.5872599850995661,0.66199203187251,0.132398406374502
8,1990,960,1.6038459717165097,0.6605577689243027,0.13211155378486056
