id,k,alpha,time,acc,score
1,1860,700,1.1123775644499498,0.6602390438247012,0.13204780876494024
2,1855,695,1.1292066484832806,0.6586454183266932,0.13172908366533864
3,1855,705,1.1382456904332987,0.659601593625498,0.1319203187250996
4,1865,695,1.1075342819333551,0.6588047808764941,0.13176095617529882
5,1865,705,1.1282987620666973,0.6600796812749004,0.13201593625498007
