id,k,alpha,time,acc,score
1,2020,800,1.293471177383132,0.661195219123506,0.1322390438247012
2,2015,795,1.2636307858333262,0.6632669322709164,0.1326533864541833
3,2015,805,1.2987770353497277,0.6631075697211155,0.1326215139442231
4,2025,795,1.2597348549165568,0.6642231075697211,0.13284462151394422
5,2025,805,1.2967135759002606,0.6653386454183267,0.13306772908366532
6,2020,810,1.295243256233516,0.6635856573705179,0.13271713147410358
7,2030,800,1.2809614951334274,0.6635856573705179,0.13271713147410358
8,2030,810,1.2867375443999967,0.6643824701195219,0.1328764940239044
