id,k,alpha,time,acc,score
1,2040,675,1.0354170707500694,0.6621513944223107,0.13243027888446215
2,2035,670,1.0340014321166866,0.6618326693227091,0.13236653386454184
3,2035,680,1.0463265721167165,0.661195219123506,0.1322390438247012
4,2045,670,1.0364623571998284,0.66199203187251,0.132398406374502
5,2045,680,1.0420508053168305,0.6639043824701195,0.1327808764940239
6,2040,685,1.0674311206836138,0.6631075697211155,0.1326215139442231
7,2050,675,1.038590461850011,0.6631075697211155,0.1326215139442231
8,2050,685,1.0693779911166834,0.6605577689243027,0.13211155378486056
