id,k,alpha,time,acc,score
1,1880,700,1.1002692426166807,0.661195219123506,0.1322390438247012
2,1875,695,1.0917840902001141,0.6605577689243027,0.13211155378486056
3,1875,705,1.1011957387834022,0.6602390438247012,0.13204780876494024
4,1885,695,1.086060438533362,0.660398406374502,0.13207968127490038
5,1885,705,1.0912863817332739,0.6610358565737052,0.13220717131474105
