id,k,alpha,time,acc,score
1,1880,825,1.3281312660834375,0.6597609561752988,0.13195219123505977
2,1875,820,1.311282315983408,0.6607171314741036,0.13214342629482073
3,1875,830,1.3511192356500639,0.6615139442231076,0.13230278884462152
4,1885,820,1.3038675611833848,0.660398406374502,0.13207968127490038
5,1885,830,1.3432932464167,0.6608764940239044,0.13217529880478088
6,1870,825,1.3210716466831702,0.659601593625498,0.1319203187250996
7,1870,835,1.352246275350141,0.6584860557768925,0.1316972111553785
8,1880,835,1.3481607601667445,0.6599203187250996,0.13198406374501992
