id,k,alpha,time,acc,score
1,1920,850,1.3780650046333904,0.6610358565737052,0.13220717131474105
2,1915,845,1.36872585701664,0.6610358565737052,0.13220717131474105
3,1915,855,1.3872143169333868,0.6602390438247012,0.13204780876494024
4,1925,845,1.3667675022166805,0.6613545816733067,0.13227091633466134
5,1925,855,1.3879920075164895,0.661195219123506,0.1322390438247012
6,1920,840,1.3485817520665782,0.6602390438247012,0.13204780876494024
7,1930,840,1.3387914278835524,0.661195219123506,0.1322390438247012
8,1930,850,1.3730288870334335,0.6613545816733067,0.13227091633466134
