id,k,alpha,time,acc,score
1,1880,775,1.2721917784499965,0.6610358565737052,0.13220717131474105
2,1875,770,1.2187176824832326,0.6605577689243027,0.13211155378486056
3,1875,780,1.25072226041666,0.6597609561752988,0.13195219123505977
4,1885,770,1.212431184649904,0.6607171314741036,0.13214342629482073
5,1885,780,1.2430713075500535,0.6605577689243027,0.13211155378486056
