id,k,alpha,time,acc,score
1,2080,950,1.5615940083167517,0.6623107569721115,0.1324621513944223
2,2075,945,1.5827014145834255,0.6608764940239044,0.13217529880478088
3,2075,955,1.5688919390168545,0.6613545816733067,0.13227091633466134
4,2085,945,1.5917051939332547,0.6605577689243027,0.13211155378486056
5,2085,955,1.5622550041667032,0.6613545816733067,0.13227091633466134
