id,k,alpha,time,acc,score
1,1840,650,0.999291352866688,0.6573705179282868,0.13147410358565736
2,1835,645,0.9897464956832361,0.6568924302788844,0.1313784860557769
3,1835,655,1.0476011966167182,0.6578486055776892,0.13156972111553783
4,1845,645,0.9831585537500359,0.6591235059760956,0.1318247011952191
5,1845,655,1.0418569998833846,0.6599203187250996,0.13198406374501992
6,1840,660,1.0359254926832364,0.6578486055776892,0.13156972111553783
7,1850,650,0.9955821985666262,0.6584860557768925,0.1316972111553785
8,1850,660,1.0287756467333868,0.6581673306772908,0.13163346613545818
