id,k,alpha,time,acc,score
1,1800,550,0.8322769990333332,0.6594422310756972,0.13188844621513945
2,1795,545,0.8088327133833332,0.6573705179282868,0.13147410358565736
3,1795,555,0.808711682149999,0.6597609561752988,0.13195219123505977
4,1805,545,0.8057399679333306,0.6554581673306773,0.13109163346613545
5,1805,555,0.8247935661999993,0.6572111553784861,0.13144223107569722
6,1790,550,0.8273187576000017,0.6559362549800797,0.13118725099601594
7,1790,560,0.8366215484666668,0.6568924302788844,0.1313784860557769
8,1800,560,0.8299014752333316,0.6584860557768925,0.1316972111553785
