id,k,alpha,time,acc,score
1,1920,650,1.0084765925833683,0.659601593625498,0.1319203187250996
2,1915,645,0.9991940257833145,0.6592828685258965,0.13185657370517928
3,1915,655,1.005247412849955,0.6588047808764941,0.13176095617529882
4,1925,645,0.9995705049164826,0.659601593625498,0.1319203187250996
5,1925,655,0.9983654414667399,0.6600796812749004,0.13201593625498007
6,1920,660,1.0230798298332957,0.659601593625498,0.1319203187250996
7,1930,650,1.000988849666707,0.6591235059760956,0.1318247011952191
8,1930,660,1.0202728084999155,0.6586454183266932,0.13172908366533864
