id,k,alpha,time,acc,score
1,2100,700,1.0926097043668657,0.665816733067729,0.1331633466135458
2,2095,695,1.0749781431164593,0.6654980079681275,0.1330996015936255
3,2095,705,1.1149957683330285,0.6645418326693228,0.13290836653386456
4,2105,695,1.0870938373666528,0.6662948207171314,0.13325896414342628
5,2105,705,1.1024788368997784,0.6643824701195219,0.1328764940239044
6,2100,690,1.0815384034664022,0.6654980079681275,0.1330996015936255
7,2110,690,1.0892969527335177,0.6650199203187251,0.13300398406374503
8,2110,700,1.1059453320835018,0.6661354581673307,0.13322709163346613
