id,k,alpha,time,acc,score
1,1820,625,0.9501668898833183,0.6583266932270916,0.13166533864541832
2,1815,620,0.9703413333333325,0.6564143426294821,0.1312828685258964
3,1815,630,0.9825124188999932,0.6564143426294821,0.1312828685258964
4,1825,620,0.9579297981000006,0.6575298804780877,0.13150597609561754
5,1825,630,0.9676204844000191,0.6575298804780877,0.13150597609561754
