id,k,alpha,time,acc,score
1,1900,850,1.40307038305012,0.6616733067729084,0.13233466135458166
2,1895,845,1.3561559293334235,0.6613545816733067,0.13227091633466134
3,1895,855,1.3892684099334778,0.6616733067729084,0.13233466135458166
4,1905,845,1.3414216042333769,0.6602390438247012,0.13204780876494024
5,1905,855,1.387667732383367,0.660398406374502,0.13207968127490038
