id,k,alpha,time,acc,score
1,1820,800,1.3100566163500238,0.6576892430278884,0.13153784860557768
2,1815,795,1.2767797975500192,0.6565737051792828,0.13131474103585655
3,1815,805,1.295512007299961,0.6575298804780877,0.13150597609561754
4,1825,795,1.273618986233305,0.6570517928286853,0.13141035856573707
5,1825,805,1.2873252170666698,0.6592828685258965,0.13185657370517928
6,1820,810,1.3022835805166324,0.6576892430278884,0.13153784860557768
7,1830,800,1.3059326324833214,0.6586454183266932,0.13172908366533864
8,1830,810,1.3030370419833466,0.6589641434262948,0.13179282868525896
