id,k,alpha,time,acc,score
1,1820,525,0.7888337606833374,0.6583266932270916,0.13166533864541832
2,1815,520,0.7671816300333376,0.6583266932270916,0.13166533864541832
3,1815,530,0.797051508366682,0.6575298804780877,0.13150597609561754
4,1825,520,0.7648623399833316,0.6557768924302789,0.1311553784860558
5,1825,530,0.7893992853166613,0.6572111553784861,0.13144223107569722
