id,k,alpha,time,acc,score
1,2100,825,1.3030408660667794,0.6639043824701195,0.1327808764940239
2,2095,820,1.341971082549814,0.6632669322709164,0.1326533864541833
3,2095,830,1.3684765745332697,0.6623107569721115,0.1324621513944223
4,2105,820,1.3569286934667617,0.6624701195219124,0.13249402390438247
5,2105,830,1.3598459535666432,0.6634262948207171,0.13268525896414343
