id,k,alpha,time,acc,score
1,1960,575,0.8805022822166696,0.6591235059760956,0.1318247011952191
2,1955,570,0.8573217422999733,0.659601593625498,0.1319203187250996
3,1955,580,0.8788117463998788,0.6592828685258965,0.13185657370517928
4,1965,570,0.8479610387665162,0.6581673306772908,0.13163346613545818
5,1965,580,0.8835281180501624,0.6570517928286853,0.13141035856573707
6,1950,565,0.8527004364332242,0.6594422310756972,0.13188844621513945
7,1950,575,0.8776869331665996,0.6589641434262948,0.13179282868525896
8,1960,565,0.8525275666834204,0.6576892430278884,0.13153784860557768
