id,k,alpha,time,acc,score
1,2080,600,0.9127646387996113,0.6602390438247012,0.13204780876494024
2,2075,595,0.9146314883997547,0.6599203187250996,0.13198406374501992
3,2075,605,0.9306199346499245,0.6600796812749004,0.13201593625498007
4,2085,595,0.9152105764830291,0.6594422310756972,0.13188844621513945
5,2085,605,0.9217411195500366,0.6623107569721115,0.1324621513944223
6,2080,610,0.9440320486663647,0.6602390438247012,0.13204780876494024
7,2090,600,0.91002933234995,0.6600796812749004,0.13201593625498007
8,2090,610,0.9419120397001582,0.6623107569721115,0.1324621513944223
