id,k,alpha,time,acc,score
1,1920,875,1.4613862578500023,0.6599203187250996,0.13198406374501992
2,1915,870,1.4217197450333818,0.660398406374502,0.13207968127490038
3,1915,880,1.4186253592500482,0.6599203187250996,0.13198406374501992
4,1925,870,1.4215136462499989,0.6607171314741036,0.13214342629482073
5,1925,880,1.4163118340666794,0.6588047808764941,0.13176095617529882
6,1920,865,1.413524398549877,0.6599203187250996,0.13198406374501992
7,1930,865,1.3997416461497778,0.6600796812749004,0.13201593625498007
8,1930,875,1.4557462256833484,0.6584860557768925,0.1316972111553785
