id,k,alpha,time,acc,score
1,2080,775,1.2572339928835088,0.6632669322709164,0.1326533864541833
2,2075,770,1.262922253566406,0.6616733067729084,0.13233466135458166
3,2075,780,1.2456146869667768,0.6629482071713148,0.13258964143426294
4,2085,770,1.2631994891329668,0.6610358565737052,0.13220717131474105
5,2085,780,1.253759939900192,0.6639043824701195,0.1327808764940239
6,2080,785,1.2656441428165028,0.6624701195219124,0.13249402390438247
7,2090,775,1.2516029542831044,0.6626294820717131,0.13252589641434262
8,2090,785,1.2570380542500061,0.6618326693227091,0.13236653386454184
