id,k,alpha,time,acc,score
1,2080,700,1.0960947419667113,0.6645418326693228,0.13290836653386456
2,2075,695,1.092802701582938,0.6643824701195219,0.1328764940239044
3,2075,705,1.1002052364502257,0.6642231075697211,0.13284462151394422
4,2085,695,1.10225958978311,0.6640637450199203,0.13281274900398404
5,2085,705,1.106433092316729,0.6621513944223107,0.13243027888446215
