id,k,alpha,time,acc,score
1,1920,800,1.2934557682667218,0.6599203187250996,0.13198406374501992
2,1915,795,1.2810055475500122,0.660398406374502,0.13207968127490038
3,1915,805,1.2990638767000442,0.6610358565737052,0.13220717131474105
4,1925,795,1.2787143755832706,0.6600796812749004,0.13201593625498007
5,1925,805,1.2986611309000484,0.6605577689243027,0.13211155378486056
6,1910,800,1.2793572887666718,0.6602390438247012,0.13204780876494024
7,1910,810,1.3048391824833137,0.6610358565737052,0.13220717131474105
8,1920,810,1.2958377963002325,0.6597609561752988,0.13195219123505977
