id,k,alpha,time,acc,score
1,1940,950,1.573021264350003,0.6588047808764941,0.13176095617529882
2,1935,945,1.5636237380167586,0.6592828685258965,0.13185657370517928
3,1935,955,1.5985688952166432,0.6586454183266932,0.13172908366533864
4,1945,945,1.5508924492166747,0.6605577689243027,0.13211155378486056
5,1945,955,1.5983518893667983,0.6600796812749004,0.13201593625498007
6,1940,940,1.5257382854666504,0.6599203187250996,0.13198406374501992
7,1950,940,1.5240276599331992,0.659601593625498,0.1319203187250996
8,1950,950,1.5670675768667328,0.6602390438247012,0.13204780876494024
