id,k,alpha,time,acc,score
1,1860,900,1.45883198724999,0.6613545816733067,0.13227091633466134
2,1855,895,1.4643390520000443,0.6600796812749004,0.13201593625498007
3,1855,905,1.4893278420332838,0.6588047808764941,0.13176095617529882
4,1865,895,1.4521125765832645,0.661195219123506,0.1322390438247012
5,1865,905,1.4746874405166939,0.6610358565737052,0.13220717131474105
