id,k,alpha,time,acc,score
1,1820,850,1.3609690208166891,0.654820717131474,0.1309641434262948
2,1815,845,1.352763086266653,0.6576892430278884,0.13153784860557768
3,1815,855,1.390706880650032,0.6562549800796813,0.13125099601593626
4,1825,845,1.3458863190833048,0.6552988047808765,0.1310597609561753
5,1825,855,1.383407378833302,0.6573705179282868,0.13147410358565736
6,1810,840,1.3359955064833533,0.6559362549800797,0.13118725099601594
7,1810,850,1.3592307982833518,0.6565737051792828,0.13131474103585655
8,1820,840,1.3395950537166452,0.6560956175298804,0.1312191235059761
