id,k,alpha,time,acc,score
1,1880,950,1.5646976993831534,0.659601593625498,0.1319203187250996
2,1875,945,1.5562855890665863,0.6616733067729084,0.13233466135458166
3,1875,955,1.6025579412499307,0.659601593625498,0.1319203187250996
4,1885,945,1.5557443375500346,0.6597609561752988,0.13195219123505977
5,1885,955,1.6035042622665059,0.6597609561752988,0.13195219123505977
6,1870,940,1.5460453823834541,0.6600796812749004,0.13201593625498007
7,1870,950,1.5561372037998809,0.6605577689243027,0.13211155378486056
8,1880,940,1.5480839045332686,0.6608764940239044,0.13217529880478088
