id,k,alpha,time,acc,score
1,1920,900,1.4801755120664892,0.6589641434262948,0.13179282868525896
2,1915,895,1.4711855407666008,0.6602390438247012,0.13204780876494024
3,1915,905,1.4928638981999636,0.6613545816733067,0.13227091633466134
4,1925,895,1.4598360820833478,0.6586454183266932,0.13172908366533864
5,1925,905,1.4718934929000775,0.6575298804780877,0.13150597609561754
6,1910,900,1.4767566523832405,0.6602390438247012,0.13204780876494024
7,1910,910,1.4885583355001775,0.6608764940239044,0.13217529880478088
8,1920,910,1.4882120223832316,0.6602390438247012,0.13204780876494024
