id,k,alpha,time,acc,score
1,2060,900,1.504618759266547,0.6635856573705179,0.13271713147410358
2,2055,895,1.4526871656664297,0.6626294820717131,0.13252589641434262
3,2055,905,1.488901198899839,0.6629482071713148,0.13258964143426294
4,2065,895,1.4523724623669598,0.6626294820717131,0.13252589641434262
5,2065,905,1.4791278134837436,0.66199203187251,0.132398406374502
