id,k,alpha,time,acc,score
1,2100,575,0.8497578781166036,0.6591235059760956,0.1318247011952191
2,2095,570,0.8979356196000784,0.6602390438247012,0.13204780876494024
3,2095,580,0.919001984783487,0.6602390438247012,0.13204780876494024
4,2105,570,0.8854885589666083,0.6607171314741036,0.13214342629482073
5,2105,580,0.9072212442168772,0.6610358565737052,0.13220717131474105
6,2100,585,0.8855029260167309,0.6608764940239044,0.13217529880478088
7,2110,575,0.8502235386001605,0.6599203187250996,0.13198406374501992
8,2110,585,0.88420821915012,0.6602390438247012,0.13204780876494024
