id,k,alpha,time,acc,score
1,1960,800,1.3130763616165495,0.6608764940239044,0.13217529880478088
2,1955,795,1.2713454143500713,0.6605577689243027,0.13211155378486056
3,1955,805,1.310264603599838,0.6599203187250996,0.13198406374501992
4,1965,795,1.2606343217999287,0.6594422310756972,0.13188844621513945
5,1965,805,1.3002890914166831,0.661195219123506,0.1322390438247012
6,1960,810,1.3056974103667016,0.6591235059760956,0.1318247011952191
7,1970,800,1.2985850411998399,0.660398406374502,0.13207968127490038
8,1970,810,1.3090996903498309,0.659601593625498,0.1319203187250996
