id,k,alpha,time,acc,score
1,1980,725,1.1488251128333407,0.6635856573705179,0.13271713147410358
2,1975,720,1.1440932638499361,0.6626294820717131,0.13252589641434262
3,1975,730,1.1737788418666848,0.661195219123506,0.1322390438247012
4,1985,720,1.1438627123500433,0.6635856573705179,0.13271713147410358
5,1985,730,1.1803923822000797,0.66199203187251,0.132398406374502
