id,k,alpha,time,acc,score
1,2000,850,1.369007305133467,0.6621513944223107,0.13243027888446215
2,1995,845,1.3783703047331073,0.6626294820717131,0.13252589641434262
3,1995,855,1.4021898868663507,0.6629482071713148,0.13258964143426294
4,2005,845,1.3692200196834166,0.6613545816733067,0.13227091633466134
5,2005,855,1.391173279833553,0.66199203187251,0.132398406374502
6,1990,850,1.358953284950015,0.6597609561752988,0.13195219123505977
7,1990,860,1.3856900052996934,0.6621513944223107,0.13243027888446215
8,2000,860,1.392087570199995,0.6626294820717131,0.13252589641434262
