id,k,alpha,time,acc,score
1,1980,500,0.7475047984999643,0.6578486055776892,0.13156972111553783
2,1975,495,0.7368119521001063,0.659601593625498,0.1319203187250996
3,1975,505,0.7513176155999342,0.659601593625498,0.1319203187250996
4,1985,495,0.7254591454999172,0.6576892430278884,0.13153784860557768
5,1985,505,0.7607517395333464,0.6600796812749004,0.13201593625498007
6,1980,510,0.7531484392166021,0.6584860557768925,0.1316972111553785
7,1990,500,0.7460883253498953,0.6586454183266932,0.13172908366533864
8,1990,510,0.7520248492667937,0.6592828685258965,0.13185657370517928
