id,k,alpha,time,acc,score
1,1980,1000,1.647741598233309,0.6616733067729084,0.13233466135458166
2,1975,995,1.6333268534833527,0.661195219123506,0.1322390438247012
3,1975,1005,1.6851534786333409,0.6610358565737052,0.13220717131474105
4,1985,995,1.6260064849499032,0.6608764940239044,0.13217529880478088
5,1985,1005,1.6957306675166668,0.6616733067729084,0.13233466135458166
