id,k,alpha,time,acc,score
1,1860,575,0.8576260630665881,0.6572111553784861,0.13144223107569722
2,1855,570,0.8676008545500129,0.6578486055776892,0.13156972111553783
3,1855,580,0.8870916866000091,0.6565737051792828,0.13131474103585655
4,1865,570,0.8720317650666403,0.6583266932270916,0.13166533864541832
5,1865,580,0.8786095815833203,0.6589641434262948,0.13179282868525896
6,1860,585,0.8823066603666424,0.6575298804780877,0.13150597609561754
7,1870,575,0.8567530278833146,0.6588047808764941,0.13176095617529882
8,1870,585,0.8795446525166578,0.6584860557768925,0.1316972111553785
