id,k,alpha,time,acc,score
1,1980,800,1.3046732411334232,0.6597609561752988,0.13195219123505977
2,1975,795,1.2641637575499771,0.6600796812749004,0.13201593625498007
3,1975,805,1.2849758529831887,0.6594422310756972,0.13188844621513945
4,1985,795,1.2629753048999797,0.6608764940239044,0.13217529880478088
5,1985,805,1.2775823975833192,0.6613545816733067,0.13227091633466134
6,1980,810,1.316479828350081,0.6608764940239044,0.13217529880478088
7,1990,800,1.2999832277666428,0.660398406374502,0.13207968127490038
8,1990,810,1.2985283180166638,0.6613545816733067,0.13227091633466134
