id,k,alpha,time,acc,score
1,2020,575,0.8710762379666751,0.6600796812749004,0.13201593625498007
2,2015,570,0.8827640734666299,0.6586454183266932,0.13172908366533864
3,2015,580,0.8854257444831698,0.6588047808764941,0.13176095617529882
4,2025,570,0.8663408575332141,0.6600796812749004,0.13201593625498007
5,2025,580,0.8829959412997899,0.6597609561752988,0.13195219123505977
