id,k,alpha,time,acc,score
1,1980,700,1.0892492837665486,0.6621513944223107,0.13243027888446215
2,1975,695,1.0849200118667794,0.6615139442231076,0.13230278884462152
3,1975,705,1.114607866583295,0.6624701195219124,0.13249402390438247
4,1985,695,1.084936748900024,0.6623107569721115,0.1324621513944223
5,1985,705,1.0986630402500548,0.6615139442231076,0.13230278884462152
6,1970,700,1.0787963245500578,0.6610358565737052,0.13220717131474105
7,1970,710,1.1103862281001056,0.6600796812749004,0.13201593625498007
8,1980,710,1.1004470685499352,0.6616733067729084,0.13233466135458166
