id,k,alpha,time,acc,score
1,1840,675,1.0600095170332982,0.6576892430278884,0.13153784860557768
2,1835,670,1.0170663123833947,0.6576892430278884,0.13153784860557768
3,1835,680,1.08547428210004,0.6594422310756972,0.13188844621513945
4,1845,670,1.0247548243000588,0.6584860557768925,0.1316972111553785
5,1845,680,1.0870785751166598,0.6570517928286853,0.13141035856573707
6,1830,675,1.0462534799332692,0.6557768924302789,0.1311553784860558
7,1830,685,1.0820894866166781,0.6568924302788844,0.1313784860557769
8,1840,685,1.0778983975499916,0.6591235059760956,0.1318247011952191
