id,k,alpha,time,acc,score
1,2100,975,1.5927823403496102,0.6631075697211155,0.1326215139442231
2,2095,970,1.6079107989833574,0.6621513944223107,0.13243027888446215
3,2095,980,1.6600789188499523,0.6605577689243027,0.13211155378486056
4,2105,970,1.6081338482836145,0.6635856573705179,0.13271713147410358
5,2105,980,1.6441563187666663,0.6640637450199203,0.13281274900398404
6,2100,985,1.6430189083500106,0.6626294820717131,0.13252589641434262
7,2110,975,1.5708545225832495,0.6634262948207171,0.13268525896414343
8,2110,985,1.633563132833418,0.6634262948207171,0.13268525896414343
