id,k,alpha,time,acc,score
1,2100,925,1.5183865428334684,0.6607171314741036,0.13214342629482073
2,2095,920,1.5081795688834974,0.6629482071713148,0.13258964143426294
3,2095,930,1.5661400314667844,0.662788844621514,0.1325577689243028
4,2105,920,1.5258995601669691,0.661195219123506,0.1322390438247012
5,2105,930,1.5348551070831793,0.6635856573705179,0.13271713147410358
6,2100,935,1.5313253196999237,0.6608764940239044,0.13217529880478088
7,2110,925,1.5163631091835366,0.6623107569721115,0.1324621513944223
8,2110,935,1.508934881966464,0.66199203187251,0.132398406374502
