id,k,alpha,time,acc,score
1,2020,875,1.4235044077664498,0.6634262948207171,0.13268525896414343
2,2015,870,1.4099066062665466,0.6640637450199203,0.13281274900398404
3,2015,880,1.4335809853165604,0.6632669322709164,0.1326533864541833
4,2025,870,1.3877339135666262,0.6624701195219124,0.13249402390438247
5,2025,880,1.4368616476000171,0.6618326693227091,0.13236653386454184
6,2010,865,1.4127509636998488,0.6624701195219124,0.13249402390438247
7,2010,875,1.4099649563000034,0.6624701195219124,0.13249402390438247
8,2020,865,1.4234458550000757,0.6631075697211155,0.1326215139442231
