id,k,alpha,time,acc,score
1,1900,825,1.354197511983269,0.6613545816733067,0.13227091633466134
2,1895,820,1.328994516466628,0.6615139442231076,0.13230278884462152
3,1895,830,1.350195709366623,0.6613545816733067,0.13227091633466134
4,1905,820,1.3213609101667922,0.6632669322709164,0.1326533864541833
5,1905,830,1.34305098896657,0.6602390438247012,0.13204780876494024
6,1900,815,1.320039169099861,0.6629482071713148,0.13258964143426294
7,1910,815,1.3215612234331882,0.6621513944223107,0.13243027888446215
8,1910,825,1.3517089511835365,0.66199203187251,0.132398406374502
