id,k,alpha,time,acc,score
1,1920,575,0.885573513850007,0.6576892430278884,0.13153784860557768
2,1915,570,0.8734887887000998,0.6570517928286853,0.13141035856573707
3,1915,580,0.8958803172834451,0.6570517928286853,0.13141035856573707
4,1925,570,0.8774706651332963,0.6573705179282868,0.13147410358565736
5,1925,580,0.9065684783000809,0.6573705179282868,0.13147410358565736
