id,k,alpha,time,acc,score
1,1960,750,1.2110858789834311,0.660398406374502,0.13207968127490038
2,1955,745,1.178568145183332,0.6594422310756972,0.13188844621513945
3,1955,755,1.1940444834166555,0.6600796812749004,0.13201593625498007
4,1965,745,1.1706964371333015,0.6613545816733067,0.13227091633466134
5,1965,755,1.1904505139333197,0.660398406374502,0.13207968127490038
6,1960,740,1.1936743273998824,0.6597609561752988,0.13195219123505977
7,1970,740,1.1822858285333495,0.660398406374502,0.13207968127490038
8,1970,750,1.195465489483225,0.6602390438247012,0.13204780876494024
