id,k,alpha,time,acc,score
1,1920,825,1.3177384904665814,0.6613545816733067,0.13227091633466134
2,1915,820,1.3102071944498068,0.6610358565737052,0.13220717131474105
3,1915,830,1.3292614721833766,0.660398406374502,0.13207968127490038
4,1925,820,1.3053868067666674,0.661195219123506,0.1322390438247012
5,1925,830,1.3228879508666676,0.6610358565737052,0.13220717131474105
