id,k,alpha,time,acc,score
1,1880,725,1.1616232104666173,0.6591235059760956,0.1318247011952191
2,1875,720,1.160461959383368,0.6602390438247012,0.13204780876494024
3,1875,730,1.1428227509832747,0.6584860557768925,0.1316972111553785
4,1885,720,1.1511723168833365,0.6600796812749004,0.13201593625498007
5,1885,730,1.1364983506167239,0.6608764940239044,0.13217529880478088
6,1880,735,1.1482173598499987,0.6607171314741036,0.13214342629482073
7,1890,725,1.1668143694000415,0.660398406374502,0.13207968127490038
8,1890,735,1.153592845166592,0.6592828685258965,0.13185657370517928
