id,k,alpha,time,acc,score
1,2000,575,0.8665110975164377,0.6594422310756972,0.13188844621513945
2,1995,570,0.855688587249703,0.6594422310756972,0.13188844621513945
3,1995,580,0.8818870719662907,0.6589641434262948,0.13179282868525896
4,2005,570,0.8595234461332438,0.6605577689243027,0.13211155378486056
5,2005,580,0.8830516003499118,0.6588047808764941,0.13176095617529882
6,2000,565,0.8710189038834263,0.6588047808764941,0.13176095617529882
7,2010,565,0.8601476795331109,0.6600796812749004,0.13201593625498007
8,2010,575,0.8680539424996823,0.6594422310756972,0.13188844621513945
