id,k,alpha,time,acc,score
1,1960,875,1.4273492681333058,0.660398406374502,0.13207968127490038
2,1955,870,1.4180852048334296,0.6589641434262948,0.13179282868525896
3,1955,880,1.441779827749997,0.6599203187250996,0.13198406374501992
4,1965,870,1.4054870934000063,0.6602390438247012,0.13204780876494024
5,1965,880,1.4319482928833167,0.6600796812749004,0.13201593625498007
