id,k,alpha,time,acc,score
1,1920,925,1.5073937260999324,0.661195219123506,0.1322390438247012
2,1915,920,1.5207449490835037,0.660398406374502,0.13207968127490038
3,1915,930,1.533078268966589,0.660398406374502,0.13207968127490038
4,1925,920,1.5064779900332117,0.6597609561752988,0.13195219123505977
5,1925,930,1.5247313451000082,0.6589641434262948,0.13179282868525896
