id,k,alpha,time,acc,score
1,1900,925,1.5184191800331368,0.6618326693227091,0.13236653386454184
2,1895,920,1.5182147314000758,0.6615139442231076,0.13230278884462152
3,1895,930,1.5300199616666457,0.6607171314741036,0.13214342629482073
4,1905,920,1.5180560787999033,0.661195219123506,0.1322390438247012
5,1905,930,1.5147013121832666,0.6615139442231076,0.13230278884462152
