id,k,alpha,time,acc,score
1,2000,825,1.346226386083678,0.6631075697211155,0.1326215139442231
2,1995,820,1.3073735106168898,0.6624701195219124,0.13249402390438247
3,1995,830,1.3509988382002727,0.6626294820717131,0.13252589641434262
4,2005,820,1.3008953942999748,0.662788844621514,0.1325577689243028
5,2005,830,1.3502061733330872,0.6637450199203188,0.13274900398406375
6,2000,835,1.3541466609667017,0.6624701195219124,0.13249402390438247
7,2010,825,1.3375410514165802,0.6632669322709164,0.1326533864541833
8,2010,835,1.3410185752999193,0.6616733067729084,0.13233466135458166
