id,k,alpha,time,acc,score
1,1840,750,1.2102728978666468,0.6575298804780877,0.13150597609561754
2,1835,745,1.1907938872666515,0.6588047808764941,0.13176095617529882
3,1835,755,1.200457635500061,0.6575298804780877,0.13150597609561754
4,1845,745,1.1745648686500014,0.6576892430278884,0.13153784860557768
5,1845,755,1.1924757173333396,0.6570517928286853,0.13141035856573707
6,1830,740,1.1802683057833443,0.6578486055776892,0.13156972111553783
7,1830,750,1.2171483979999418,0.6578486055776892,0.13156972111553783
8,1840,740,1.1734350859166929,0.6568924302788844,0.1313784860557769
