id,k,alpha,time,acc,score
1,2020,625,0.9580599624333748,0.6602390438247012,0.13204780876494024
2,2015,620,0.9498939752331352,0.6594422310756972,0.13188844621513945
3,2015,630,0.9898929934667345,0.6589641434262948,0.13179282868525896
4,2025,620,0.9493623616998472,0.6605577689243027,0.13211155378486056
5,2025,630,0.9927182994331816,0.6621513944223107,0.13243027888446215
6,2020,635,1.006994289100112,0.6594422310756972,0.13188844621513945
7,2030,625,0.9548878015334291,0.6613545816733067,0.13227091633466134
8,2030,635,1.0010888215668576,0.6608764940239044,0.13217529880478088
