id,k,alpha,time,acc,score
1,1960,500,0.7459368735833171,0.6594422310756972,0.13188844621513945
2,1955,495,0.7242827344499043,0.6610358565737052,0.13220717131474105
3,1955,505,0.7560819152332745,0.6615139442231076,0.13230278884462152
4,1965,495,0.7155888891332628,0.660398406374502,0.13207968127490038
5,1965,505,0.7476279735167434,0.6605577689243027,0.13211155378486056
6,1950,500,0.7364148622000357,0.6589641434262948,0.13179282868525896
7,1950,510,0.7600681627666442,0.659601593625498,0.1319203187250996
8,1960,510,0.754321948683355,0.6580079681274901,0.131601593625498
