id,k,alpha,time,acc,score
1,2000,600,0.9304827345166511,0.6613545816733067,0.13227091633466134
2,1995,595,0.8954055681664613,0.6597609561752988,0.13195219123505977
3,1995,605,0.9216655795166541,0.6602390438247012,0.13204780876494024
4,2005,595,0.8910326242165563,0.6597609561752988,0.13195219123505977
5,2005,605,0.9139308029329792,0.660398406374502,0.13207968127490038
