id,k,alpha,time,acc,score
1,2020,500,0.7421022452501347,0.6581673306772908,0.13163346613545818
2,2015,495,0.7280119696665982,0.660398406374502,0.13207968127490038
3,2015,505,0.7448785149666947,0.6589641434262948,0.13179282868525896
4,2025,495,0.7299289396168509,0.6621513944223107,0.13243027888446215
5,2025,505,0.7499807727668667,0.6584860557768925,0.1316972111553785
6,2020,490,0.7252483314829684,0.6602390438247012,0.13204780876494024
7,2030,490,0.7109460673333766,0.6608764940239044,0.13217529880478088
8,2030,500,0.7436820319669398,0.660398406374502,0.13207968127490038
