id,k,alpha,time,acc,score
1,1920,525,0.7792531268334035,0.6584860557768925,0.1316972111553785
2,1915,520,0.7744473747166921,0.6588047808764941,0.13176095617529882
3,1915,530,0.7954124216834316,0.6575298804780877,0.13150597609561754
4,1925,520,0.765353428083472,0.6584860557768925,0.1316972111553785
5,1925,530,0.7825931598165577,0.6575298804780877,0.13150597609561754
6,1910,515,0.7562314942166267,0.6576892430278884,0.13153784860557768
7,1910,525,0.7756268195999534,0.6572111553784861,0.13144223107569722
8,1920,515,0.7460596356332341,0.6580079681274901,0.131601593625498
