id,k,alpha,time,acc,score
1,2040,900,1.4720295446667782,0.6643824701195219,0.1328764940239044
2,2035,895,1.4672069365663143,0.6629482071713148,0.13258964143426294
3,2035,905,1.5050012349000705,0.6643824701195219,0.1328764940239044
4,2045,895,1.4655968676670454,0.6631075697211155,0.1326215139442231
5,2045,905,1.4954629939670363,0.6623107569721115,0.1324621513944223
