id,k,alpha,time,acc,score
1,2080,625,0.9629682393332284,0.66199203187251,0.132398406374502
2,2075,620,0.9417775502995938,0.6600796812749004,0.13201593625498007
3,2075,630,0.9841429641999032,0.661195219123506,0.1322390438247012
4,2085,620,0.9492871958835167,0.6597609561752988,0.13195219123505977
5,2085,630,0.9753504432330373,0.6616733067729084,0.13233466135458166
