id,k,alpha,time,acc,score
1,2100,800,1.3053575231834353,0.6639043824701195,0.1327808764940239
2,2095,795,1.3294876713334816,0.661195219123506,0.1322390438247012
3,2095,805,1.3271149313664259,0.6639043824701195,0.1327808764940239
4,2105,795,1.3394922942165672,0.6642231075697211,0.13284462151394422
5,2105,805,1.3337202014168725,0.66199203187251,0.132398406374502
6,2100,790,1.2232692030670782,0.6629482071713148,0.13258964143426294
7,2110,790,1.2285688850664882,0.6639043824701195,0.1327808764940239
8,2110,800,1.2908593459166393,0.6626294820717131,0.13252589641434262
