id,k,alpha,time,acc,score
1,1860,725,1.1657719005833012,0.6602390438247012,0.13204780876494024
2,1855,720,1.125834446150111,0.6597609561752988,0.13195219123505977
3,1855,730,1.1601920941666322,0.659601593625498,0.1319203187250996
4,1865,720,1.127066525766592,0.6589641434262948,0.13179282868525896
5,1865,730,1.1507063431334246,0.6608764940239044,0.13217529880478088
6,1860,735,1.1539895198833012,0.6594422310756972,0.13188844621513945
7,1870,725,1.163951963583289,0.6600796812749004,0.13201593625498007
8,1870,735,1.1540576920999834,0.6597609561752988,0.13195219123505977
