id,k,alpha,time,acc,score
1,1820,875,1.4034589666166843,0.6554581673306773,0.13109163346613545
2,1815,870,1.418452861650015,0.6575298804780877,0.13150597609561754
3,1815,880,1.454086141533359,0.6556175298804781,0.13112350597609562
4,1825,870,1.4225402477833389,0.6565737051792828,0.13131474103585655
5,1825,880,1.449470958100028,0.6554581673306773,0.13109163346613545
6,1810,865,1.3866495877000489,0.6565737051792828,0.13131474103585655
7,1810,875,1.403330167766641,0.6556175298804781,0.13112350597609562
8,1820,865,1.3749730445999981,0.6559362549800797,0.13118725099601594
