id,k,alpha,time,acc,score
1,2040,575,0.8659826282833819,0.6605577689243027,0.13211155378486056
2,2035,570,0.8721485326168477,0.6605577689243027,0.13211155378486056
3,2035,580,0.8876766941165746,0.6621513944223107,0.13243027888446215
4,2045,570,0.8646501019999656,0.6600796812749004,0.13201593625498007
5,2045,580,0.8805540251831796,0.660398406374502,0.13207968127490038
6,2030,575,0.8614310910498413,0.6613545816733067,0.13227091633466134
7,2030,585,0.9092245738832087,0.66199203187251,0.132398406374502
8,2040,585,0.9018692946832744,0.6610358565737052,0.13220717131474105
