id,k,alpha,time,acc,score
1,2060,825,1.33628506896639,0.6624701195219124,0.13249402390438247
2,2055,820,1.3249191239665379,0.6642231075697211,0.13284462151394422
3,2055,830,1.3694539479828867,0.662788844621514,0.1325577689243028
4,2065,820,1.3166161315166391,0.6605577689243027,0.13211155378486056
5,2065,830,1.3556602810000187,0.6621513944223107,0.13243027888446215
6,2050,815,1.3221836382998542,0.6635856573705179,0.13271713147410358
7,2050,825,1.3323485038835012,0.6635856573705179,0.13271713147410358
8,2060,815,1.3094010236498435,0.6616733067729084,0.13233466135458166
