id,k,alpha,time,acc,score
1,1840,575,0.8663443172666424,0.6578486055776892,0.13156972111553783
2,1835,570,0.8596953590333214,0.6575298804780877,0.13150597609561754
3,1835,580,0.8613106447999599,0.6588047808764941,0.13176095617529882
4,1845,570,0.8537746074333579,0.6578486055776892,0.13156972111553783
5,1845,580,0.8632105067000035,0.6572111553784861,0.13144223107569722
6,1830,575,0.868057294049989,0.6573705179282868,0.13147410358565736
7,1830,585,0.8960387763998976,0.6572111553784861,0.13144223107569722
8,1840,585,0.8895049037666467,0.6583266932270916,0.13166533864541832
