id,k,alpha,time,acc,score
1,2100,725,1.1579078924667556,0.6656573705179283,0.13313147410358567
2,2095,720,1.1527774250503475,0.6640637450199203,0.13281274900398404
3,2095,730,1.1394080185501176,0.6640637450199203,0.13281274900398404
4,2105,720,1.1366959185164887,0.6645418326693228,0.13290836653386456
5,2105,730,1.131391027016798,0.6640637450199203,0.13281274900398404
