id,k,alpha,time,acc,score
1,2000,625,0.9557152698000816,0.66199203187251,0.132398406374502
2,1995,620,0.9594102325330217,0.660398406374502,0.13207968127490038
3,1995,630,0.9829087833165734,0.6616733067729084,0.13233466135458166
4,2005,620,0.9587280978666968,0.6623107569721115,0.1324621513944223
5,2005,630,0.9906027040667443,0.661195219123506,0.1322390438247012
6,2000,615,0.938488644832978,0.6607171314741036,0.13214342629482073
7,2010,615,0.9453425365669924,0.6608764940239044,0.13217529880478088
8,2010,625,0.9575515262331464,0.6602390438247012,0.13204780876494024
