id,k,alpha,time,acc,score
1,1860,750,1.1754709639166927,0.660398406374502,0.13207968127490038
2,1855,745,1.163564298600007,0.6581673306772908,0.13163346613545818
3,1855,755,1.2316104907500025,0.6586454183266932,0.13172908366533864
4,1865,745,1.1627645951666636,0.660398406374502,0.13207968127490038
5,1865,755,1.2165041546000188,0.660398406374502,0.13207968127490038
