id,k,alpha,time,acc,score
1,2020,700,1.0935093552330122,0.66199203187251,0.132398406374502
2,2015,695,1.0786738944996614,0.6610358565737052,0.13220717131474105
3,2015,705,1.0939064092167732,0.6605577689243027,0.13211155378486056
4,2025,695,1.0772574061498745,0.6618326693227091,0.13236653386454184
5,2025,705,1.0912535423665153,0.6618326693227091,0.13236653386454184
