id,k,alpha,time,acc,score
1,1980,650,1.0139176613833114,0.6615139442231076,0.13230278884462152
2,1975,645,0.9877907342498171,0.6607171314741036,0.13214342629482073
3,1975,655,1.0338683346000228,0.6610358565737052,0.13220717131474105
4,1985,645,0.9852308020667503,0.662788844621514,0.1325577689243028
5,1985,655,1.0192398999000336,0.66199203187251,0.132398406374502
6,1980,640,0.9852983204499954,0.6594422310756972,0.13188844621513945
7,1990,640,0.9803838221167098,0.661195219123506,0.1322390438247012
8,1990,650,1.009311175699986,0.662788844621514,0.1325577689243028
