id,k,alpha,time,acc,score
1,2040,600,0.9218362781165828,0.6624701195219124,0.13249402390438247
2,2035,595,0.9326783077670068,0.6599203187250996,0.13198406374501992
3,2035,605,0.942320127733304,0.6607171314741036,0.13214342629482073
4,2045,595,0.9120142843166832,0.6613545816733067,0.13227091633466134
5,2045,605,0.9366174718500891,0.6605577689243027,0.13211155378486056
