id,k,alpha,time,acc,score
1,1860,525,0.7882942764833084,0.6578486055776892,0.13156972111553783
2,1855,520,0.7679168542500217,0.6575298804780877,0.13150597609561754
3,1855,530,0.7877666074332713,0.6580079681274901,0.131601593625498
4,1865,520,0.7700570947666469,0.6572111553784861,0.13144223107569722
5,1865,530,0.7899108980332433,0.659601593625498,0.1319203187250996
6,1860,535,0.8059183340500264,0.6586454183266932,0.13172908366533864
7,1870,525,0.7906044013166441,0.6576892430278884,0.13153784860557768
8,1870,535,0.8031238200499502,0.6592828685258965,0.13185657370517928
