id,k,alpha,time,acc,score
1,1860,875,1.422172550016694,0.6600796812749004,0.13201593625498007
2,1855,870,1.4125630986665783,0.6610358565737052,0.13220717131474105
3,1855,880,1.4280068003166282,0.6584860557768925,0.1316972111553785
4,1865,870,1.4111027432500123,0.6610358565737052,0.13220717131474105
5,1865,880,1.4317969752332524,0.6608764940239044,0.13217529880478088
6,1860,865,1.3846762819167149,0.6594422310756972,0.13188844621513945
7,1870,865,1.3850180112667052,0.6605577689243027,0.13211155378486056
8,1870,875,1.4212503582166391,0.6608764940239044,0.13217529880478088
