id,k,alpha,time,acc,score
1,2080,675,1.0492240568166986,0.6623107569721115,0.1324621513944223
2,2075,670,1.0702452171501742,0.66199203187251,0.132398406374502
3,2075,680,1.052631193966469,0.6639043824701195,0.1327808764940239
4,2085,670,1.0571460988333758,0.66199203187251,0.132398406374502
5,2085,680,1.0576418174503488,0.6643824701195219,0.1328764940239044
6,2080,685,1.0860006944499523,0.6632669322709164,0.1326533864541833
7,2090,675,1.0490905657333012,0.6639043824701195,0.1327808764940239
8,2090,685,1.0625202314001703,0.6640637450199203,0.13281274900398404
