id,k,alpha,time,acc,score
1,2060,800,1.2832577935332665,0.6624701195219124,0.13249402390438247
2,2055,795,1.271247274549872,0.6632669322709164,0.1326533864541833
3,2055,805,1.2913389023665027,0.6624701195219124,0.13249402390438247
4,2065,795,1.2562908083666116,0.6629482071713148,0.13258964143426294
5,2065,805,1.2926678709501478,0.6626294820717131,0.13252589641434262
6,2050,790,1.229115447200214,0.6632669322709164,0.1326533864541833
7,2050,800,1.2744737810998534,0.6626294820717131,0.13252589641434262
8,2060,790,1.24386538038331,0.6623107569721115,0.1324621513944223
