id,k,alpha,time,acc,score
1,2100,650,1.023594131283365,0.6624701195219124,0.13249402390438247
2,2095,645,1.002557083433203,0.6624701195219124,0.13249402390438247
3,2095,655,1.0282375798162926,0.6631075697211155,0.1326215139442231
4,2105,645,1.0018656399663692,0.6637450199203188,0.13274900398406375
5,2105,655,1.0190893575165925,0.6672509960159363,0.13345019920318726
6,2100,660,1.032479305883559,0.6642231075697211,0.13284462151394422
7,2110,650,1.0183464037831678,0.6645418326693228,0.13290836653386456
8,2110,660,1.0240659602330804,0.6640637450199203,0.13281274900398404
