id,k,alpha,time,acc,score
1,2060,950,1.6082410697335339,0.6632669322709164,0.1326533864541833
2,2055,945,1.505040269800035,0.662788844621514,0.1325577689243028
3,2055,955,1.557498031166324,0.6637450199203188,0.13274900398406375
4,2065,945,1.5311696006834004,0.6624701195219124,0.13249402390438247
5,2065,955,1.5698893893500403,0.6640637450199203,0.13281274900398404
6,2060,960,1.5799928963334726,0.6621513944223107,0.13243027888446215
7,2070,950,1.588844857866449,0.661195219123506,0.1322390438247012
8,2070,960,1.5391369317503025,0.661195219123506,0.1322390438247012
