id,k,alpha,time,acc,score
1,1980,850,1.4193362704500032,0.6607171314741036,0.13214342629482073
2,1975,845,1.3591353151498575,0.6607171314741036,0.13214342629482073
3,1975,855,1.3989278771502238,0.66199203187251,0.132398406374502
4,1985,845,1.356061326416481,0.6602390438247012,0.13204780876494024
5,1985,855,1.3820010515502266,0.6618326693227091,0.13236653386454184
6,1970,850,1.400655034633625,0.6613545816733067,0.13227091633466134
7,1970,860,1.40914310211665,0.6602390438247012,0.13204780876494024
8,1980,860,1.394460263416598,0.6616733067729084,0.13233466135458166
