id,k,alpha,time,acc,score
1,2040,950,1.5757580769000925,0.6626294820717131,0.13252589641434262
2,2035,945,1.5648683857832415,0.6643824701195219,0.1328764940239044
3,2035,955,1.56214332870004,0.6618326693227091,0.13236653386454184
4,2045,945,1.5575158842999373,0.6632669322709164,0.1326533864541833
5,2045,955,1.5518866208333444,0.66199203187251,0.132398406374502
6,2030,940,1.57001580636667,0.6626294820717131,0.13252589641434262
7,2030,950,1.5684024878166383,0.6634262948207171,0.13268525896414343
8,2040,940,1.5691659564831448,0.66199203187251,0.132398406374502
