id,k,alpha,time,acc,score
1,1900,600,0.907752401399921,0.6581673306772908,0.13163346613545818
2,1895,595,0.8992061194333171,0.6575298804780877,0.13150597609561754
3,1895,605,0.9207064865666326,0.6584860557768925,0.1316972111553785
4,1905,595,0.9027998164000262,0.6597609561752988,0.13195219123505977
5,1905,605,0.9267901996667206,0.6594422310756972,0.13188844621513945
6,1900,590,0.8857419244331444,0.6581673306772908,0.13163346613545818
7,1910,590,0.8788949490333228,0.6589641434262948,0.13179282868525896
8,1910,600,0.8955452890833839,0.6586454183266932,0.13172908366533864
