id,k,alpha,time,acc,score
1,2060,925,1.5540528402498845,0.6626294820717131,0.13252589641434262
2,2055,920,1.5135968232503123,0.6631075697211155,0.1326215139442231
3,2055,930,1.5325060580163457,0.6615139442231076,0.13230278884462152
4,2065,920,1.5060307774333828,0.6621513944223107,0.13243027888446215
5,2065,930,1.5248478325835702,0.6629482071713148,0.13258964143426294
6,2050,915,1.493796044716631,0.6623107569721115,0.1324621513944223
7,2050,925,1.5479622144664367,0.6616733067729084,0.13233466135458166
8,2060,915,1.4906493371163378,0.66199203187251,0.132398406374502
