id,k,alpha,time,acc,score
1,2080,800,1.3040227872503845,0.662788844621514,0.1325577689243028
2,2075,795,1.2774149273333024,0.6642231075697211,0.13284462151394422
3,2075,805,1.303620642249977,0.6626294820717131,0.13252589641434262
4,2085,795,1.2758844650166188,0.66199203187251,0.132398406374502
5,2085,805,1.2980004048833507,0.66199203187251,0.132398406374502
6,2070,790,1.2785661987834223,0.6621513944223107,0.13243027888446215
7,2070,800,1.2953948132999358,0.6615139442231076,0.13230278884462152
8,2080,790,1.2857025607998367,0.6616733067729084,0.13233466135458166
