id,k,alpha,time,acc,score
1,2040,850,1.3927870400832034,0.6642231075697211,0.13284462151394422
2,2035,845,1.3946328103668444,0.6634262948207171,0.13268525896414343
3,2035,855,1.3957806068166974,0.6643824701195219,0.1328764940239044
4,2045,845,1.383715287699791,0.6635856573705179,0.13271713147410358
5,2045,855,1.385118908083435,0.6632669322709164,0.1326533864541833
6,2030,850,1.378755083400271,0.6624701195219124,0.13249402390438247
7,2030,860,1.4024826517498392,0.6621513944223107,0.13243027888446215
8,2040,860,1.4042305717501828,0.6635856573705179,0.13271713147410358
