id,k,alpha,time,acc,score
1,1960,650,1.0186510832000446,0.6607171314741036,0.13214342629482073
2,1955,645,1.015845658099958,0.6589641434262948,0.13179282868525896
3,1955,655,1.0333112732664935,0.661195219123506,0.1322390438247012
4,1965,645,1.017252872633253,0.6597609561752988,0.13195219123505977
5,1965,655,1.0385344660166689,0.6618326693227091,0.13236653386454184
6,1960,660,1.034804249516795,0.6615139442231076,0.13230278884462152
7,1970,650,1.0104356933334202,0.6608764940239044,0.13217529880478088
8,1970,660,1.0284549493667632,0.6615139442231076,0.13230278884462152
