id,k,alpha,time,acc,score
1,2060,650,1.0076462476169885,0.6607171314741036,0.13214342629482073
2,2055,645,0.9890586441833875,0.6624701195219124,0.13249402390438247
3,2055,655,1.0226426111665206,0.6613545816733067,0.13227091633466134
4,2065,645,0.9784069367170256,0.661195219123506,0.1322390438247012
5,2065,655,1.0280280005337166,0.6618326693227091,0.13236653386454184
6,2050,640,1.015147973166798,0.6623107569721115,0.1324621513944223
7,2050,650,1.0034370947333324,0.6608764940239044,0.13217529880478088
8,2060,640,1.0002845741497974,0.6608764940239044,0.13217529880478088
