id,k,alpha,time,acc,score
1,2020,825,1.3704904419166268,0.6645418326693228,0.13290836653386456
2,2015,820,1.3151907777995802,0.6640637450199203,0.13281274900398404
3,2015,830,1.347272056316918,0.6635856573705179,0.13271713147410358
4,2025,820,1.3154901655002809,0.6653386454183267,0.13306772908366532
5,2025,830,1.3466551597831615,0.6639043824701195,0.1327808764940239
6,2020,815,1.3175252864835785,0.6623107569721115,0.1324621513944223
7,2030,815,1.307799473166718,0.6645418326693228,0.13290836653386456
8,2030,825,1.3525874595332426,0.6642231075697211,0.13284462151394422
