id,k,alpha,time,acc,score
1,1980,600,0.9097211445000236,0.659601593625498,0.1319203187250996
2,1975,595,0.8995741344168589,0.6588047808764941,0.13176095617529882
3,1975,605,0.9271245440667069,0.6594422310756972,0.13188844621513945
4,1985,595,0.8945303489332824,0.6584860557768925,0.1316972111553785
5,1985,605,0.9095533050000085,0.6594422310756972,0.13188844621513945
