id,k,alpha,time,acc,score
1,1860,775,1.2374356221499814,0.6581673306772908,0.13163346613545818
2,1855,770,1.2322225933833881,0.6581673306772908,0.13163346613545818
3,1855,780,1.2508400411832554,0.6581673306772908,0.13163346613545818
4,1865,770,1.2307989407666657,0.6605577689243027,0.13211155378486056
5,1865,780,1.2400968156334178,0.6599203187250996,0.13198406374501992
6,1860,765,1.2147650536666332,0.6584860557768925,0.1316972111553785
7,1870,765,1.212129667649909,0.6592828685258965,0.13185657370517928
8,1870,775,1.238007860566601,0.6592828685258965,0.13185657370517928
