id,k,alpha,time,acc,score
1,2000,525,0.7826598232500449,0.660398406374502,0.13207968127490038
2,1995,520,0.7803971415167326,0.6602390438247012,0.13204780876494024
3,1995,530,0.7997232760331826,0.6591235059760956,0.1318247011952191
4,2005,520,0.7736247790996761,0.659601593625498,0.1319203187250996
5,2005,530,0.79400119681668,0.6592828685258965,0.13185657370517928
