id,k,alpha,time,acc,score
1,1880,925,1.4981300712999654,0.6597609561752988,0.13195219123505977
2,1875,920,1.4930422109166102,0.661195219123506,0.1322390438247012
3,1875,930,1.5393316992332984,0.6583266932270916,0.13166533864541832
4,1885,920,1.49092157669996,0.6624701195219124,0.13249402390438247
5,1885,930,1.5266776500500177,0.660398406374502,0.13207968127490038
6,1880,915,1.485207285650055,0.6615139442231076,0.13230278884462152
7,1890,915,1.4722382962667324,0.6623107569721115,0.1324621513944223
8,1890,925,1.4964602287499777,0.661195219123506,0.1322390438247012
