id,k,alpha,time,acc,score
1,2040,725,1.166098758832959,0.662788844621514,0.1325577689243028
2,2035,720,1.1662081090835272,0.6605577689243027,0.13211155378486056
3,2035,730,1.1843983209332996,0.6610358565737052,0.13220717131474105
4,2045,720,1.1527229333000528,0.662788844621514,0.1325577689243028
5,2045,730,1.1658028202000423,0.6615139442231076,0.13230278884462152
