id,k,alpha,time,acc,score
1,1840,600,0.9260150589000357,0.6578486055776892,0.13156972111553783
2,1835,595,0.8933454048833179,0.6583266932270916,0.13166533864541832
3,1835,605,0.9265216211000128,0.6583266932270916,0.13166533864541832
4,1845,595,0.8909751242332277,0.6564143426294821,0.1312828685258964
5,1845,605,0.9250272713833207,0.6562549800796813,0.13125099601593626
6,1830,600,0.9175153376499414,0.6572111553784861,0.13144223107569722
7,1830,610,0.9300894891500017,0.6565737051792828,0.13131474103585655
8,1840,610,0.9256208303667033,0.6573705179282868,0.13147410358565736
