id,k,alpha,time,acc,score
1,1880,750,1.201685472249907,0.661195219123506,0.1322390438247012
2,1875,745,1.1905091571666466,0.6589641434262948,0.13179282868525896
3,1875,755,1.2064506268999442,0.6586454183266932,0.13172908366533864
4,1885,745,1.1821000030834208,0.6584860557768925,0.1316972111553785
5,1885,755,1.202541218949894,0.659601593625498,0.1319203187250996
