id,k,alpha,time,acc,score
1,1900,800,1.2733168810833984,0.6610358565737052,0.13220717131474105
2,1895,795,1.2736084128334673,0.6597609561752988,0.13195219123505977
3,1895,805,1.2957617042666243,0.6618326693227091,0.13236653386454184
4,1905,795,1.261881069049802,0.660398406374502,0.13207968127490038
5,1905,805,1.3022342922832952,0.6624701195219124,0.13249402390438247
6,1900,810,1.30443935976679,0.6621513944223107,0.13243027888446215
7,1910,800,1.2465260444500017,0.6602390438247012,0.13204780876494024
8,1910,810,1.3045785136334114,0.6610358565737052,0.13220717131474105
