id,k,alpha,time,acc,score
1,2060,575,0.8675174221163615,0.6610358565737052,0.13220717131474105
2,2055,570,0.8704231245166738,0.6594422310756972,0.13188844621513945
3,2055,580,0.866235012599888,0.6608764940239044,0.13217529880478088
4,2065,570,0.8658874564998162,0.6586454183266932,0.13172908366533864
5,2065,580,0.8659767629835794,0.6592828685258965,0.13185657370517928
