id,k,alpha,time,acc,score
1,1940,800,1.2920895292833545,0.6591235059760956,0.1318247011952191
2,1935,795,1.269815909283352,0.6605577689243027,0.13211155378486056
3,1935,805,1.2948783791999934,0.6592828685258965,0.13185657370517928
4,1945,795,1.2669208552666533,0.6605577689243027,0.13211155378486056
5,1945,805,1.2970466233333962,0.660398406374502,0.13207968127490038
6,1940,790,1.2653646832834056,0.6584860557768925,0.1316972111553785
7,1950,790,1.2721389118834243,0.6583266932270916,0.13166533864541832
8,1950,800,1.2803066287999778,0.6594422310756972,0.13188844621513945
