id,k,alpha,time,acc,score
1,1940,600,0.9241292669498459,0.6565737051792828,0.13131474103585655
2,1935,595,0.8919794309501109,0.6594422310756972,0.13188844621513945
3,1935,605,0.9324716723667128,0.6580079681274901,0.131601593625498
4,1945,595,0.9003622667999783,0.6581673306772908,0.13163346613545818
5,1945,605,0.932160103583495,0.6588047808764941,0.13176095617529882
6,1930,590,0.9012228314500438,0.6565737051792828,0.13131474103585655
7,1930,600,0.924435173633295,0.6562549800796813,0.13125099601593626
8,1940,590,0.8956456490333948,0.6588047808764941,0.13176095617529882
