id,k,alpha,time,acc,score
1,2020,725,1.1378907908166487,0.6599203187250996,0.13198406374501992
2,2015,720,1.1525765198501177,0.6629482071713148,0.13258964143426294
3,2015,730,1.1457435940998646,0.6616733067729084,0.13233466135458166
4,2025,720,1.1405132274332572,0.6615139442231076,0.13230278884462152
5,2025,730,1.1433465346999583,0.6605577689243027,0.13211155378486056
6,2010,715,1.1442053287503464,0.6629482071713148,0.13258964143426294
7,2010,725,1.1283748868328984,0.6623107569721115,0.1324621513944223
8,2020,715,1.1370224013497743,0.6623107569721115,0.1324621513944223
