id,k,alpha,time,acc,score
1,2000,700,1.1112433502833785,0.66199203187251,0.132398406374502
2,1995,695,1.0817175911002173,0.6639043824701195,0.1327808764940239
3,1995,705,1.0996633046001079,0.662788844621514,0.1325577689243028
4,2005,695,1.0836378504168047,0.66199203187251,0.132398406374502
5,2005,705,1.0861766022169226,0.6613545816733067,0.13227091633466134
6,1990,690,1.090174672283077,0.6639043824701195,0.1327808764940239
7,1990,700,1.1118319507499108,0.6639043824701195,0.1327808764940239
8,2000,690,1.0905156044498048,0.66199203187251,0.132398406374502
