id,k,alpha,time,acc,score
1,1820,575,0.8810870254499605,0.6576892430278884,0.13153784860557768
2,1815,570,0.8580822094500036,0.6565737051792828,0.13131474103585655
3,1815,580,0.8786211844000111,0.6591235059760956,0.1318247011952191
4,1825,570,0.848725701233343,0.6560956175298804,0.1312191235059761
5,1825,580,0.8839518081166413,0.6580079681274901,0.131601593625498
6,1810,575,0.877499810916682,0.6570517928286853,0.13141035856573707
7,1810,585,0.8994778279500072,0.6567330677290837,0.13134661354581673
8,1820,585,0.8864549947333217,0.6567330677290837,0.13134661354581673
