id,k,alpha,time,acc,score
1,2020,525,0.7766914321997319,0.6613545816733067,0.13227091633466134
2,2015,520,0.7747873889335702,0.6589641434262948,0.13179282868525896
3,2015,530,0.8042609678164202,0.6602390438247012,0.13204780876494024
4,2025,520,0.7619084531834233,0.6594422310756972,0.13188844621513945
5,2025,530,0.7955674579498009,0.6605577689243027,0.13211155378486056
