id,k,alpha,time,acc,score
1,1860,1000,1.643855858699923,0.6591235059760956,0.1318247011952191
2,1855,995,1.6604904947165777,0.6584860557768925,0.1316972111553785
3,1855,1005,1.6634903094166171,0.6576892430278884,0.13153784860557768
4,1865,995,1.6648415104167118,0.6591235059760956,0.1318247011952191
5,1865,1005,1.6526635126666709,0.6586454183266932,0.13172908366533864
