id,k,alpha,time,acc,score
1,1800,500,0.7273630911166666,0.6560956175298804,0.1312191235059761
2,1795,495,0.7179770892833335,0.6559362549800797,0.13118725099601594
3,1795,505,0.7407523928999997,0.6562549800796813,0.13125099601593626
4,1805,495,0.7148661714666669,0.6551394422310757,0.13102788844621513
5,1805,505,0.7362408898833332,0.6568924302788844,0.1313784860557769
6,1800,510,0.7432173546999995,0.6568924302788844,0.1313784860557769
7,1810,500,0.7127001716833329,0.6568924302788844,0.1313784860557769
8,1810,510,0.7379145912833337,0.6564143426294821,0.1312828685258964
