id,k,alpha,time,acc,score
1,1980,900,1.4719976609834702,0.6602390438247012,0.13204780876494024
2,1975,895,1.4560959261832371,0.6605577689243027,0.13211155378486056
3,1975,905,1.4716513457834177,0.6602390438247012,0.13204780876494024
4,1985,895,1.4408572835833184,0.6599203187250996,0.13198406374501992
5,1985,905,1.4704173194501589,0.659601593625498,0.1319203187250996
6,1970,890,1.4345926911502223,0.6602390438247012,0.13204780876494024
7,1970,900,1.4785729139999604,0.6594422310756972,0.13188844621513945
8,1980,890,1.431595109050007,0.6599203187250996,0.13198406374501992
